child_id,first_name,last_name,mother_name,dob,sex,phone,household_id,cluster_id,facility_id,reg_date
C-ID-0002,Esther,Diallo,Mariam Diallo,2026-01-24,F,+233259302863,H-0112,C-03,F-02,2026-03-04
C-ID-0003,Amina,Smith,Grace Smith,2025-07-14,F,+233226395999,H-0331,C-09,F-04,2025-07-28
C-ID-0005,Ali,Toure,Amina Toure,2026-04-25,M,+233254762841,H-0233,C-06,F-01,2026-04-29
C-ID-0006,David,Ali,Mary Ali,2025-05-21,M,+233241272553,H-0065,C-02,F-02,2025-05-27
C-ID-0007,Samuel,Kamara,Grace Kamara,2025-10-14,M,+233227447248,H-0397,C-10,F-04,2025-10-23
C-ID-0010,David,Johnson,Esther Johnson,2024-07-26,M,+233278885632,H-0216,C-06,F-01,2024-08-05
C-ID-0011,Joy,Diallo,Elizabeth Diallo,2026-05-10,F,+233298436473,H-0056,C-01,F-01,2026-05-19
C-ID-0012,Amina,Kamara,Esther Kamara,2024-05-06,F,+233267213476,H-0155,C-04,F-04,2024-05-17
C-ID-0013,Esther,Mensah,Sarah Mensah,2024-10-16,F,+233291644298,H-0056,C-01,F-01,2024-10-19
C-ID-0014,Kwame,Toure,Elizabeth Toure,2024-10-10,M,+233261124122,H-0034,C-01,F-01,2024-10-20
C-ID-0015,Esther,Ali,Elizabeth Ali,2024-03-08,F,+233223311507,H-0272,C-07,F-02,2024-03-21
C-ID-0016,Ibrahim,Diallo,Aisha Diallo,2024-01-25,M,+233240667888,H-0360,C-10,F-04,2024-02-01
C-ID-0017,Aisha,Smith,Sarah Smith,2024-11-04,F,+233267279295,H-0174,C-04,F-04,2024-11-10
C-ID-0018,Mariam,Osei,Esther Osei,2026-03-22,F,+233222243983,H-0341,C-09,F-04,2026-04-05
C-ID-0019,John,Mensah,Mariam Mensah,2025-11-13,M,+233284674816,H-0044,C-01,F-01,2025-11-14
C-ID-0020,John,Mensah,Mariam Mensah,2025-11-27,M,,H-0044,C-01,F-04,2026-01-04
C-ID-0023,Mariam,Mensah,Elizabeth Mensah,2023-09-23,F,,H-0308,C-08,F-01,2023-12-21
C-ID-0024,Mary,Mensah,Mariam Mensah,2024-07-15,F,+233225419645,H-0337,C-09,F-04,2024-07-28
C-ID-0025,John,Ali,Elizabeth Ali,2026-06-14,M,+233291737913,H-0143,C-04,F-04,2026-06-29
C-ID-0026,Amina,Osei,Grace Osei,2024-11-12,F,+233255610493,H-0337,C-09,F-04,2024-11-18
C-ID-0027,Aminat,Osei,Grace Osei,2024-11-27,F,+233255610493,H-0337,C-09,F-05,2025-01-23
C-ID-0028,Emmanuel,Toure,Aisha Toure,2026-03-17,M,+233229042093,H-0004,C-01,F-01,2026-03-29
C-ID-0029,David,Ali,Mary Ali,2024-06-27,M,+233266348963,H-0325,C-09,F-04,2024-07-05
C-ID-0030,David,Ali,,2024-06-30,M,,H-0325,C-09,F-05,2024-08-13
C-ID-0031,Kofi,Sow,Mariam Sow,2026-02-14,M,+233217061037,H-0175,C-04,F-04,2026-02-17
C-ID-0032,David,Sow,Esther Sow,2024-03-21,M,+233275184410,H-0081,C-02,F-02,2024-03-31
C-ID-0033,Grace,Diallo,Joy Diallo,2025-12-16,F,+233256328316,H-0227,C-06,F-01,2025-12-23
C-ID-0034,Elizabeth,Johnson,Joy Johnson,2024-11-13,F,+233216095815,H-0057,C-01,F-01,2024-11-17
C-ID-0035,Muhammad,Diallo,Grace Diallo,2025-05-31,M,+233228419343,H-0203,C-06,F-01,2025-06-13
C-ID-0037,Joy,Diallo,Joy Diallo,2024-08-11,F,+233219673809,H-0067,C-02,F-02,2024-08-18
C-ID-0038,John,Kamara,Esther Kamara,2026-02-28,M,+233252018286,H-0380,C-10,F-04,2026-03-10
C-ID-0040,Aisha,Sow,Sarah Sow,2024-04-29,F,+233212799319,H-0220,C-06,F-01,2024-05-05
C-ID-0041,Mariam,Mensah,Aisha Mensah,2026-01-02,F,+233242657384,H-0088,C-02,F-02,2026-01-09
C-ID-0043,David,Ali,Sarah Ali,2023-09-27,M,+233236025314,H-0171,C-04,F-04,2023-10-12
C-ID-0044,Mariam,Osei,Mary Osei,2026-01-08,F,+233229655410,H-0398,C-10,F-04,2026-01-13
C-ID-0045,Samuel,Osei,Sarah Osei,2025-08-09,M,+233294281857,H-0102,C-02,F-02,2025-08-17
C-ID-0046,Elizabeth,Toure,Mariam Toure,2024-10-28,F,+233230261159,H-0238,C-06,F-01,2024-11-05
C-ID-0047,Esther,Sow,Grace Sow,2026-04-13,F,+233257236885,H-0035,C-01,F-01,2026-04-22
C-ID-0048,Esther,Johnson,Amina Johnson,2026-04-12,F,+233259491122,H-0038,C-01,F-01,2026-04-26
C-ID-0049,David,Toure,Elizabeth Toure,2023-10-03,M,+233261604364,H-0147,C-04,F-04,2023-10-11
C-ID-0051,Muhammad,Johnson,Sarah Johnson,2024-09-02,M,+233221318464,H-0257,C-07,F-02,2024-09-11
C-ID-0052,Muhammad,Diallo,Esther Diallo,2024-02-19,M,+233280339290,H-0331,C-09,F-04,2024-02-28
C-ID-0054,Kofi,Keita,Grace Keita,2024-06-07,M,+233248835846,H-0313,C-08,F-04,2024-08-19
C-ID-0055,Kofi,Mensah,Mariam Mensah,2026-01-25,M,+233284888554,H-0174,C-04,F-04,2026-02-05
C-ID-0056,Grace,Toure,Fatoumata Toure,2024-09-23,F,+233220939011,H-0198,C-06,F-01,2024-10-03
C-ID-0057,Kofi,Sow,Aisha Sow,2025-11-15,M,+233289865081,H-0340,C-09,F-04,2025-11-27
C-ID-0058,Joy,Smith,Mariam Smith,2025-11-18,F,+233299941500,H-0044,C-01,F-01,2025-11-30
C-ID-0059,John,Ali,Mariam Ali,2026-06-30,M,+233258667035,H-0379,C-10,F-04,2026-07-05
C-ID-0060,Kofi,Johnson,Mary Johnson,2025-04-30,M,+233228463709,H-0093,C-02,F-02,2025-05-03
C-ID-0061,Sarah,Ali,Joy Ali,2026-05-21,F,+233298842638,H-0040,C-01,F-01,2026-05-27
C-ID-0062,Samuel,Smith,Fatoumata Smith,2025-09-08,M,+233234272734,H-0393,C-10,F-04,2025-09-22
C-ID-0063,Moussa,Kamara,Aisha Kamara,2024-07-21,M,+233241880763,H-0355,C-09,F-04,2024-07-29
C-ID-0065,Kofi,Toure,Esther Toure,2024-01-04,M,+233247818761,H-0241,C-07,F-02,2024-01-17
C-ID-0066,Fatoumata,Diallo,Elizabeth Diallo,2025-10-27,F,+233243554863,H-0196,C-06,F-01,2025-10-28
C-ID-0067,Mariam,Ali,Sarah Ali,2023-09-15,F,+233226733967,H-0329,C-09,F-04,2023-09-20
C-ID-0068,Kwame,Johnson,Joy Johnson,2025-10-09,M,+233268716573,H-0043,C-01,F-01,2025-10-11
C-ID-0070,John,Mensah,Mariam Mensah,2025-05-04,M,+233213783268,H-0192,C-06,F-01,2025-05-10
C-ID-0071,Fatoumata,Osei,Amina Osei,2024-12-27,F,+233273411827,H-0051,C-01,F-01,2025-01-08
C-ID-0072,Esther,Toure,Amina Toure,2026-02-25,F,+233212550658,H-0072,C-02,F-02,2026-03-02
C-ID-0074,Kwame,Mensah,Amina Mensah,2025-04-05,M,+233266348030,H-0148,C-04,F-04,2025-04-16
C-ID-0075,Sarah,Mensah,Esther Mensah,2026-07-04,F,+233294819556,H-0319,C-09,F-04,2026-07-13
C-ID-0078,John,Johnson,Amina Johnson,2024-06-05,M,+233260103798,H-0279,C-07,F-02,2024-06-10
C-ID-0079,Kofi,Mensah,Mariam Mensah,2025-03-31,M,+233298195059,H-0383,C-10,F-04,2025-04-11
C-ID-0080,Fatoumata,Kamara,Mariam Kamara,2024-09-12,F,+233296274567,H-0054,C-01,F-01,2024-09-15
C-ID-0081,Esther,Osei,Fatoumata Osei,2026-03-30,F,+233271428713,H-0351,C-09,F-04,2026-03-31
C-ID-0082,Muhammad,Diallo,Amina Diallo,2024-10-29,M,+233251617680,H-0151,C-04,F-04,2024-11-07
C-ID-0083,Grace,Kamara,Mary Kamara,2024-12-29,F,+233257912262,H-0204,C-06,F-01,2025-01-12
C-ID-0084,Grace,Mensah,Mariam Mensah,2024-02-24,F,+233263690013,H-0025,C-01,F-01,2024-03-07
C-ID-0085,Mariam,Osei,Esther Osei,2023-10-23,F,+233259304469,H-0226,C-06,F-01,2023-11-07
C-ID-0086,Sarah,Smith,Sarah Smith,2024-03-08,F,+233290859912,H-0266,C-07,F-02,2024-03-22
C-ID-0087,Mariam,Mensah,Sarah Mensah,2024-10-04,F,+233298707076,H-0093,C-02,F-02,2024-10-09
C-ID-0088,Elizabeth,Smith,Fatoumata Smith,2024-02-09,F,+233257183837,H-0157,C-04,F-04,2024-02-17
C-ID-0089,Elizabeth,Smith,Fatima Smith,2024-01-29,F,+233257183837,H-0157,C-04,F-01,2024-05-06
C-ID-0090,Elizabeth,Smith,Grace Smith,2026-04-11,F,+233220071854,H-0022,C-01,F-01,2026-04-22
C-ID-0091,Mariam,Ali,Fatoumata Ali,2026-06-04,F,+233229163535,H-0327,C-09,F-04,2026-06-18
C-ID-0093,Elizabeth,Kamara,Elizabeth Kamara,2025-09-26,F,+233270387584,H-0186,C-06,F-01,2025-10-02
C-ID-0094,Sarah,Toure,Fatoumata Toure,2024-07-16,F,+233263423225,H-0191,C-06,F-01,2024-07-22
C-ID-0095,Mary,Mensah,Amina Mensah,2025-07-21,F,+233276980546,H-0333,C-09,F-04,2025-07-30
C-ID-0096,Kwame,Sow,Esther Sow,2025-05-24,M,+233292124765,H-0199,C-06,F-01,2025-05-29
C-ID-0097,Mary,Mensah,Fatoumata Mensah,2026-03-08,F,+233270672142,H-0356,C-09,F-04,2026-03-11
C-ID-0098,Sarah,Keita,Mariam Keita,2026-03-27,F,+233283819367,H-0366,C-10,F-04,2026-04-05
C-ID-0099,Fatoumata,Osei,Mariam Osei,2023-09-30,F,+233240097200,H-0149,C-04,F-04,2023-10-02
C-ID-0100,Ali,Johnson,Amina Johnson,2024-07-28,M,+233284359498,H-0103,C-02,F-02,2024-08-07
C-ID-0101,Joy,Osei,Elizabeth Osei,2026-02-11,F,+233218824561,H-0189,C-06,F-01,2026-02-16
C-ID-0102,Joy,Smith,Aisha Smith,2026-03-08,F,+233226821075,H-0204,C-06,F-01,2026-03-14
C-ID-0103,Moussa,Johnson,Joy Johnson,2024-08-31,M,+233227224779,H-0329,C-09,F-04,2024-09-15
C-ID-0104,Emmanuel,Smith,Joy Smith,2026-04-15,M,+233226664623,H-0283,C-07,F-02,2026-04-24
C-ID-0105,Fatoumata,Osei,Mariam Osei,2025-05-02,F,+233256442431,H-0079,C-02,F-02,2025-05-11
C-ID-0106,Kwame,Diallo,Joy Diallo,2025-01-21,M,+233226800072,H-0146,C-04,F-04,2025-02-01
C-ID-0107,Kwame,Diallo,Joy Diallo,2025-01-25,M,+233226800072,H-0146,C-04,F-02,2025-04-05
C-ID-0108,Ibrahim,Osei,Elizabeth Osei,2025-09-25,M,+233232978158,H-0156,C-04,F-04,2025-10-06
C-ID-0109,Elizabeth,Kamara,Amina Kamara,2026-02-21,F,+233216101779,H-0320,C-09,F-04,2026-03-04
C-ID-0110,Mary,Toure,Aisha Toure,2026-06-05,F,+233276845536,H-0395,C-10,F-04,2026-06-20
C-ID-0111,Grace,Johnson,Mary Johnson,2024-04-27,F,+233249920898,H-0322,C-09,F-04,2024-05-05
C-ID-0112,Emmanuel,Johnson,Aisha Johnson,2023-11-19,M,+233272336371,H-0038,C-01,F-01,2023-11-23
C-ID-0114,Kofi,Keita,Mariam Keita,2024-05-12,M,+233227551135,H-0175,C-04,F-04,2024-05-25
C-ID-0115,Kofi,Diallo,Esther Diallo,2025-11-29,M,+233245899440,H-0190,C-06,F-01,2025-12-07
C-ID-0118,David,Camara,Grace Kamara,2024-06-10,M,+233292594562,H-0127,C-03,F-04,2024-08-05
C-ID-0120,Esther,Sow,Esther Sow,2026-06-20,F,+233222086184,H-0264,C-07,F-02,2026-06-27
C-ID-0121,Mary,Diallo,Elizabeth Diallo,2024-08-14,F,+233216530784,H-0259,C-07,F-02,2024-08-15
C-ID-0122,Mary,Dalo,Elizabeth Diallo,2024-08-16,F,+233216530784,H-0259,C-07,F-04,2024-10-25
C-ID-0123,Elizabeth,Johnson,Grace Johnson,2026-07-21,F,+233224428014,H-0145,C-04,F-04,2026-07-28
C-ID-0124,Mariam,Smith,Mariam Smith,2026-05-06,F,+233263765155,H-0069,C-02,F-02,2026-05-07
C-ID-0126,Elizabeth,Toure,Sarah Toure,2025-11-16,F,+233222976369,H-0231,C-06,F-01,2025-11-23
C-ID-0127,Joy,Keita,Fatoumata Keita,2025-06-25,F,+233290861208,H-0192,C-06,F-01,2025-07-04
C-ID-0128,Joy,Keta,,2025-06-17,F,+233290861208,H-0192,C-06,F-05,2025-09-03
C-ID-0129,Muhammad,Kamara,Fatoumata Kamara,2024-09-23,M,+233273584863,H-0206,C-06,F-01,2024-10-02
C-ID-0130,Samuel,Ali,Fatoumata Ali,2024-10-04,M,+233292284610,H-0234,C-06,F-01,2024-10-10
C-ID-0131,Elizabeth,Sow,Elizabeth Sow,2024-09-17,F,+233278090664,H-0084,C-02,F-02,2024-10-01
C-ID-0132,Elizabeth,Sow,Esther Sow,2026-07-03,F,+233259440148,H-0261,C-07,F-02,2026-07-09
C-ID-0133,John,Toure,Grace Toure,2026-06-13,M,+233290115852,H-0345,C-09,F-04,2026-06-21
C-ID-0135,Fatoumata,Diallo,Amina Diallo,2025-12-24,F,+233235606639,H-0370,C-10,F-04,2025-12-25
C-ID-0136,Aisha,Osei,Aisha Osei,2025-06-15,F,+233265079923,H-0226,C-06,F-01,2025-06-24
C-ID-0137,Amina,Osei,Joy Osei,2025-06-08,F,+233285280948,H-0397,C-10,F-04,2025-06-14
C-ID-0138,Joy,Smith,Mariam Smith,2025-08-17,F,+233271694994,H-0340,C-09,F-04,2025-09-01
C-ID-0139,Joy,Keita,Grace Keita,2023-11-19,F,+233235805259,H-0273,C-07,F-02,2023-11-23
C-ID-0140,Mary,Sow,Grace Sow,2025-06-08,F,+233275632882,H-0143,C-04,F-04,2025-06-14
C-ID-0141,Joy,Sow,Grace Sow,2025-11-30,F,+233286970753,H-0246,C-07,F-02,2025-12-11
C-ID-0142,Aisha,Keita,Fatoumata Keita,2024-12-20,F,+233215646068,H-0279,C-07,F-02,2024-12-25
C-ID-0143,Kofi,Johnson,Grace Johnson,2023-11-29,M,+233238720823,H-0366,C-10,F-04,2023-12-03
C-ID-0144,Joy,Sow,Fatoumata Sow,2025-12-26,F,+233292634772,H-0276,C-07,F-02,2026-01-07
C-ID-0146,John,Keita,Esther Keita,2026-01-13,M,+233228450513,H-0027,C-01,F-01,2026-01-14
C-ID-0147,John,Johnson,Esther Johnson,2025-06-24,M,+233248553376,H-0282,C-07,F-02,2025-06-30
C-ID-0148,David,Toure,Mary Toure,2026-05-22,M,+233233496796,H-0147,C-04,F-04,2026-05-29
C-ID-0150,John,Johnson,Fatoumata Johnson,2024-12-22,M,+233215028625,H-0091,C-02,F-02,2024-12-23
C-ID-0151,Kofi,Sow,Esther Sow,2023-10-30,M,+233228012011,H-0153,C-04,F-04,2023-11-13
C-ID-0152,Grace,Diallo,Sarah Diallo,2024-09-28,F,+233231809610,H-0259,C-07,F-02,2024-10-10
C-ID-0153,Grace,Diallo,Sarah Diallo,2024-09-22,F,,H-0259,C-07,F-04,2024-12-06
C-ID-0154,Fatoumata,Kamara,Mariam Kamara,2024-12-10,F,+233286206305,H-0235,C-06,F-01,2024-12-21
C-ID-0155,Fatoumata,Camara,Mariam Kamara,2024-12-08,F,+233286206305,H-0235,C-06,F-02,2025-02-03
C-ID-0156,Emmanuel,Toure,Aisha Toure,2024-03-14,M,+233279159799,H-0388,C-10,F-04,2024-03-20
C-ID-0157,Sarah,Osei,Fatoumata Osei,2023-12-03,F,+233253433080,H-0045,C-01,F-01,2023-12-18
C-ID-0158,Sarah,Osei,Fatima Osei,2023-12-12,F,+233253433080,H-0045,C-01,F-02,2024-02-25
C-ID-0160,Kwame,Keita,Mary Keita,2026-04-01,M,+233299628735,H-0155,C-04,F-04,2026-04-03
C-ID-0161,Fatoumata,Smith,Joy Smith,2024-11-08,F,+233225759274,H-0239,C-07,F-02,2024-11-19
C-ID-0162,Elizabeth,Diallo,Mary Diallo,2025-11-06,F,+233274180488,H-0152,C-04,F-04,2025-11-09
C-ID-0163,Aisha,Ali,Esther Ali,2025-05-16,F,+233243214247,H-0233,C-06,F-01,2025-05-27
C-ID-0164,Ibrahim,Johnson,Joy Johnson,2024-07-27,M,+233220482769,H-0387,C-10,F-04,2024-08-11
C-ID-0166,Kofi,Ali,Esther Ali,2025-12-11,M,+233237568520,H-0077,C-02,F-02,2025-12-23
C-ID-0168,Esther,Toure,Amina Toure,2024-01-03,F,+233251361818,H-0263,C-07,F-02,2024-01-15
C-ID-0170,Grace,Kamara,Mary Kamara,2026-03-10,F,+233216078694,H-0012,C-01,F-01,2026-03-17
C-ID-0171,Ibrahim,Kamara,Sarah Kamara,2023-12-14,M,+233214259382,H-0177,C-05,F-05,2023-12-19
C-ID-0172,Emmanuel,Smith,Mariam Smith,2024-06-14,M,+233270201634,H-0210,C-06,F-01,2024-06-28
C-ID-0173,Sarah,Ali,Fatoumata Ali,2024-08-24,F,+233225922674,H-0194,C-06,F-01,2024-08-27
C-ID-0174,Joy,Osei,Mary Osei,2026-07-30,F,+233213051483,H-0276,C-07,F-02,2026-08-04
C-ID-0175,Joy,Smith,Mary Smith,2025-03-18,F,+233271824078,H-0238,C-06,F-01,2025-03-24
C-ID-0176,Mary,Mensah,Amina Mensah,2024-03-31,F,+233292533595,H-0080,C-02,F-02,2024-04-13
C-ID-0177,Ali,Mensah,Sarah Mensah,2026-05-30,M,+233269920305,H-0009,C-01,F-01,2026-06-09
C-ID-0178,Ali,Kamara,Aisha Kamara,2024-02-20,M,+233241452485,H-0345,C-09,F-04,2024-02-29
C-ID-0181,Ibrahim,Toure,Fatoumata Toure,2024-03-15,M,+233284605013,H-0141,C-04,F-04,2024-03-23
C-ID-0182,Ibraihm,Toure,Fatoumata Toure,2024-03-06,M,+233284605013,H-0141,C-04,F-01,2024-05-28
C-ID-0183,Aisha,Ali,Mariam Ali,2024-04-06,F,+233264795619,H-0025,C-01,F-01,2024-04-09
C-ID-0184,Fatoumata,Ali,Esther Ali,2025-03-31,F,+233240245233,H-0154,C-04,F-04,2025-04-05
C-ID-0185,Moussa,Kamara,Joy Kamara,2024-04-13,M,+233265902739,H-0363,C-10,F-04,2024-04-22
C-ID-0186,John,Diallo,Grace Diallo,2025-06-16,M,+233254327148,H-0272,C-07,F-02,2025-06-27
C-ID-0187,Mariam,Mensah,Joy Mensah,2025-07-12,F,+233216917129,H-0041,C-01,F-01,2025-07-17
C-ID-0188,David,Diallo,Elizabeth Diallo,2025-05-19,M,+233274343201,H-0194,C-06,F-01,2025-05-23
C-ID-0189,Davdi,Dalo,Elizabeth Diallo,2025-05-22,M,+233274343201,H-0194,C-06,F-02,2025-07-18
C-ID-0190,Amina,Diallo,Mary Diallo,2025-12-09,F,+233274279671,H-0171,C-04,F-04,2025-12-24
C-ID-0192,Grace,Sow,Mariam Sow,2023-09-21,F,+233276743428,H-0239,C-07,F-02,2023-09-29
C-ID-0193,Mariam,Diallo,Mariam Diallo,2024-11-04,F,+233265556767,H-0051,C-01,F-01,2024-11-05
C-ID-0195,Mary,Smith,Elizabeth Smith,2025-03-21,F,+233277015110,H-0101,C-02,F-02,2025-03-30
C-ID-0196,Grace,Johnson,Esther Johnson,2024-01-06,F,+233232579937,H-0336,C-09,F-04,2024-01-18
C-ID-0197,Emmanuel,Ali,Esther Ali,2025-07-26,M,+233282764376,H-0181,C-06,F-01,2025-08-06
C-ID-0198,David,Kamara,Amina Kamara,2024-04-14,M,+233228453800,H-0031,C-01,F-01,2024-04-28
C-ID-0200,David,Osei,Amina Osei,2025-05-16,M,+233277878323,H-0323,C-09,F-04,2025-05-24
C-ID-0201,Samuel,Toure,Esther Toure,2023-11-11,M,+233212111482,H-0192,C-06,F-01,2023-11-12
C-ID-0202,Amina,Kamara,Joy Kamara,2025-01-21,F,+233281905550,H-0273,C-07,F-02,2025-01-26
C-ID-0203,Fatoumata,Mensah,Sarah Mensah,2025-10-06,F,+233242342289,H-0009,C-01,F-01,2025-10-10
C-ID-0205,Ali,Sow,Sarah Sow,2026-06-03,M,+233222549425,H-0236,C-06,F-01,2026-06-10
C-ID-0206,Joy,Johnson,Amina Johnson,2026-07-18,F,+233233002714,H-0195,C-06,F-01,2026-07-20
C-ID-0207,Mariam,Toure,Sarah Toure,2026-05-11,F,+233240838737,H-0256,C-07,F-02,2026-05-15
C-ID-0208,Grace,Kamara,Sarah Kamara,2025-01-09,F,+233282884346,H-0355,C-09,F-04,2025-01-19
C-ID-0209,Emmanuel,Keita,Amina Keita,2025-06-08,M,+233288790652,H-0337,C-09,F-04,2025-06-11
C-ID-0210,Sarah,Sow,Fatoumata Sow,2025-04-01,F,+233286060638,H-0386,C-10,F-04,2025-04-15
C-ID-0211,Aisha,Osei,Sarah Osei,2023-10-16,F,+233256420476,H-0200,C-06,F-01,2023-10-17
C-ID-0212,Mary,Mensah,Mariam Mensah,2024-05-16,F,+233253805532,H-0051,C-01,F-01,2024-05-17
C-ID-0213,Esther,Johnson,Mary Johnson,2024-08-08,F,+233284227466,H-0325,C-09,F-04,2024-08-15
C-ID-0214,Samuel,Smith,Sarah Smith,2024-12-10,M,+233243077929,H-0222,C-06,F-01,2024-12-22
C-ID-0215,Kwame,Osei,Aisha Osei,2025-09-25,M,+233262294176,H-0038,C-01,F-01,2025-10-01
C-ID-0217,David,Kamara,Grace Kamara,2024-02-08,M,+233258307308,H-0185,C-06,F-01,2024-02-21
C-ID-0220,Sara,Camara,Sarah Kamara,2024-08-18,F,+233284386123,H-0285,C-08,F-05,2024-10-06
C-ID-0222,Samuel,Ali,Fatoumata Ali,2024-06-18,M,+233232750139,H-0044,C-01,F-01,2024-06-21
C-ID-0224,Grace,Johnson,Sarah Johnson,2024-07-28,F,+233243782566,H-0142,C-04,F-04,2024-08-01
C-ID-0225,Elizabeth,Toure,Mary Toure,2024-01-12,F,+233224357588,H-0370,C-10,F-04,2024-01-15
C-ID-0227,John,Keita,Elizabeth Keita,2024-06-19,M,+233254230340,H-0156,C-04,F-04,2024-06-27
C-ID-0228,Elizabeth,Osei,Grace Osei,2024-10-19,F,+233290961645,H-0172,C-04,F-04,2024-10-31
C-ID-0229,Mariam,Osei,Aisha Osei,2024-10-22,F,+233249117508,H-0103,C-02,F-02,2024-11-03
C-ID-0230,Elizabeth,Diallo,Mariam Diallo,2024-06-27,F,+233247621248,H-0356,C-09,F-04,2024-07-11
C-ID-0231,Sarah,Toure,Mary Toure,2025-08-03,F,+233283833059,H-0202,C-06,F-01,2025-08-04
C-ID-0233,Mary,Johnson,Grace Johnson,2026-03-18,F,+233264914054,H-0373,C-10,F-04,2026-03-29
C-ID-0234,Kwame,Diallo,Grace Diallo,2025-09-25,M,+233266791272,H-0256,C-07,F-02,2025-10-08
C-ID-0235,Moussa,Toure,Esther Toure,2024-05-08,M,+233281721578,H-0194,C-06,F-01,2024-05-17
C-ID-0236,Joy,Kamara,Mariam Kamara,2026-02-13,F,+233224679315,H-0355,C-09,F-04,2026-02-26
C-ID-0238,Muhammad,Mensah,Grace Mensah,2025-05-09,M,+233278541804,H-0221,C-06,F-01,2025-05-21
C-ID-0239,Moussa,Keita,Aisha Keita,2024-01-01,M,+233288999206,H-0266,C-07,F-02,2024-01-13
C-ID-0240,Kofi,Kamara,Esther Kamara,2026-01-04,M,+233249652241,H-0257,C-07,F-02,2026-01-11
C-ID-0241,Emmanuel,Keita,Grace Keita,2024-09-03,M,+233271113711,H-0044,C-01,F-01,2024-09-16
C-ID-0243,Mariam,Johnsno,Sara Johnson,2024-03-02,F,+233213576286,H-0106,C-03,F-05,2024-05-06
C-ID-0244,Amina,Mensah,Amina Mensah,2024-09-03,F,+233296969050,H-0035,C-01,F-01,2024-09-05
C-ID-0245,Ali,Ali,Fatoumata Ali,2025-09-13,M,+233254424679,H-0347,C-09,F-04,2025-09-22
C-ID-0246,Ali,Ali,Fatoumata lAi,2025-08-29,M,+233255998964,H-0347,C-09,F-01,2025-11-21
C-ID-0247,Mary,Smith,Fatoumata Smith,2025-07-21,F,+233295963619,H-0219,C-06,F-01,2025-08-01
C-ID-0248,Mary,Simth,Fatima Smith,2025-07-08,F,+233295963619,H-0219,C-06,F-04,2025-09-22
C-ID-0249,Amina,Toure,Mary Toure,2024-01-29,F,+233289484162,H-0222,C-06,F-01,2024-02-05
C-ID-0250,Ali,Diallo,Grace Diallo,2026-03-31,M,+233287490324,H-0200,C-06,F-01,2026-04-02
C-ID-0251,Ali,Diallo,Grace Diallo,2026-04-04,M,,H-0200,C-06,F-02,2026-05-23
C-ID-0252,Kofi,Keita,Mary Keita,2024-01-12,M,+233225294777,H-0275,C-07,F-02,2024-01-17
C-ID-0253,Kofi,Keta,Mary Keita,2024-01-09,M,,H-0275,C-07,F-05,2024-03-08
C-ID-0254,Joy,Keita,Elizabeth Keita,2024-06-02,F,+233292048427,H-0344,C-09,F-04,2024-06-09
C-ID-0257,Manuel,Ketia,Sara Keita,2025-03-23,M,+233288989050,H-0315,C-08,F-05,2025-06-26
C-ID-0258,Fatoumata,Ali,Aisha Ali,2024-04-02,F,+233290050918,H-0094,C-02,F-02,2024-04-05
C-ID-0260,Fatoumata,Osei,Mariam Osei,2024-01-26,F,+233293135800,H-0251,C-07,F-02,2024-01-27
C-ID-0261,Moussa,Osei,Mary Osei,2024-06-11,M,+233285374270,H-0184,C-06,F-01,2024-06-20
C-ID-0262,Aisha,Johnson,Aisha Johnson,2024-02-09,F,+233275592138,H-0335,C-09,F-04,2024-02-12
C-ID-0263,Ali,Sow,Amina Sow,2025-01-21,M,+233240177972,H-0043,C-01,F-01,2025-01-30
C-ID-0264,Moussa,Toure,Esther Toure,2023-09-25,M,+233225194922,H-0148,C-04,F-04,2023-10-05
C-ID-0266,Joy,Keita,Joy Keita,2026-05-13,F,+233269239219,H-0059,C-01,F-01,2026-05-22
C-ID-0268,Moussa,Mensah,Mary Mensah,2025-06-03,M,+233288909809,H-0179,C-06,F-01,2025-06-15
C-ID-0269,Fatoumata,Toure,Fatoumata Toure,2025-06-09,F,+233237775381,H-0180,C-06,F-01,2025-06-22
C-ID-0270,Joy,Sow,Elizabeth Sow,2025-08-27,F,+233253440052,H-0031,C-01,F-01,2025-09-08
C-ID-0271,Elizabeth,Sow,Joy Sow,2026-01-23,F,+233228198434,H-0150,C-04,F-04,2026-02-05
C-ID-0272,Elizbaeth,Sow,Jyo Sow,2026-02-03,F,,H-0150,C-04,F-01,2026-04-13
C-ID-0273,Kwame,Osei,Fatoumata Osei,2025-03-13,M,+233229628462,H-0211,C-06,F-01,2025-03-25
C-ID-0274,John,Johnson,Fatoumata Johnson,2025-02-02,M,+233294263610,H-0165,C-04,F-04,2025-02-09
C-ID-0275,Sarah,Mensah,Aisha Mensah,2023-09-16,F,+233247342819,H-0193,C-06,F-01,2023-09-28
C-ID-0276,Esther,Keita,Elizabeth Keita,2026-08-01,F,+233222501261,H-0189,C-06,F-01,2026-08-13
C-ID-0277,Esther,Keita,Elizabeth Keita,2026-08-02,F,,H-0189,C-06,F-02,2026-10-14
C-ID-0278,Sarah,Ali,Aisha Ali,2025-05-17,F,+233267665720,H-0235,C-06,F-01,2025-05-31
C-ID-0280,Mariam,Kamara,Amina Kamara,2026-01-15,F,+233294044392,H-0067,C-02,F-02,2026-01-28
C-ID-0281,David,Osei,Esther Osei,2024-01-15,M,+233210090721,H-0236,C-06,F-01,2024-01-22
C-ID-0282,Kwame,Osei,Grace Osei,2026-01-27,M,+233297857309,H-0104,C-02,F-02,2026-02-02
C-ID-0284,John,Mensah,Sarah Mensah,2026-08-04,M,+233238644905,H-0372,C-10,F-04,2026-08-12
C-ID-0285,Samuel,Diallo,Joy Diallo,2024-02-07,M,+233211246473,H-0040,C-01,F-01,2024-02-08
C-ID-0286,Sarah,Smith,Fatoumata Smith,2023-12-02,F,+233219506414,H-0357,C-09,F-04,2023-12-06
C-ID-0287,David,Mensah,Mariam Mensah,2024-07-15,M,+233250165370,H-0197,C-06,F-01,2024-07-18
C-ID-0289,Emmanuel,Mensah,Joy Mensah,2026-07-20,M,+233291915661,H-0196,C-06,F-01,2026-07-31
C-ID-0290,Mariam,Diallo,Fatoumata Diallo,2024-04-15,F,+233292688322,H-0085,C-02,F-02,2024-04-26
C-ID-0291,David,Mensah,Fatoumata Mensah,2025-11-27,M,+233289131271,H-0227,C-06,F-01,2025-12-09
C-ID-0292,Aisha,Keita,Fatoumata Keita,2025-03-17,F,+233247173969,H-0197,C-06,F-01,2025-03-28
C-ID-0293,Ibrahim,Toure,Elizabeth Toure,2024-12-31,M,+233213600310,H-0044,C-01,F-01,2025-01-14
C-ID-0294,Mary,Ali,Elizabeth Ali,2023-09-28,F,+233235319707,H-0338,C-09,F-04,2023-10-10
C-ID-0295,Amina,Diallo,Esther Diallo,2024-06-07,F,+233225132198,H-0201,C-06,F-01,2024-06-11
C-ID-0296,Ibrahim,Kamara,Mariam Kamara,2024-10-27,M,+233227714442,H-0256,C-07,F-02,2024-11-03
C-ID-0299,Joy,Smith,Aisha Smith,2024-05-05,F,+233221063273,H-0204,C-06,F-01,2024-05-16
C-ID-0300,Kwame,Mensah,Grace Mensah,2026-02-26,M,+233278626154,H-0275,C-07,F-02,2026-03-13
C-ID-0302,Ibrahim,Keita,Aisha Keita,2026-03-24,M,+233251630244,H-0105,C-02,F-02,2026-04-05
C-ID-0303,Muhammad,Diallo,Sarah Diallo,2024-02-29,M,+233225567455,H-0224,C-06,F-01,2024-03-08
C-ID-0305,Moussa,Keita,Joy Keita,2023-09-12,M,+233244795538,H-0006,C-01,F-01,2023-09-15
C-ID-0306,Kwame,Mensah,Amina Mensah,2024-09-19,M,+233267622968,H-0191,C-06,F-01,2024-09-24
C-ID-0307,Kwmae,Mensah,Aminat Mensah,2024-09-29,M,+233267622968,H-0191,C-06,F-02,2024-11-28
C-ID-0308,Kwame,Toure,Sarah Toure,2023-10-25,M,+233271095611,H-0269,C-07,F-02,2023-11-03
C-ID-0309,Moussa,Toure,Fatoumata Toure,2024-07-14,M,+233231113788,H-0185,C-06,F-01,2024-07-19
C-ID-0310,Samuel,Mensah,Mary Mensah,2023-09-29,M,+233210344739,H-0396,C-10,F-04,2023-09-30
C-ID-0311,Muhammad,Johnson,Mariam Johnson,2024-06-13,M,+233230144023,H-0007,C-01,F-01,2024-06-16
C-ID-0312,Mohamed,Johnson,Mariam Johnson,2024-06-27,M,+233230144023,H-0007,C-01,F-04,2024-08-26
C-ID-0313,Mary,Keita,Mary Keita,2024-04-06,F,+233252940967,H-0019,C-01,F-01,2024-04-11
C-ID-0314,Sarah,Ali,Amina Ali,2025-08-04,F,+233239955391,H-0040,C-01,F-01,2025-08-17
C-ID-0315,John,Mensah,Esther Mensah,2025-01-05,M,+233251701149,H-0265,C-07,F-02,2025-01-11
C-ID-0316,Amina,Keita,Mary Keita,2024-12-17,F,+233285672859,H-0045,C-01,F-01,2024-12-30
C-ID-0317,Moussa,Keita,Elizabeth Keita,2023-10-31,M,+233236229153,H-0156,C-04,F-04,2023-11-12
C-ID-0318,Emmanuel,Kamara,Aisha Kamara,2026-06-19,M,+233241272427,H-0280,C-07,F-02,2026-06-28
C-ID-0319,Kofi,Kamara,Aisha Kamara,2024-11-15,M,+233223951801,H-0178,C-05,F-05,2024-11-19
C-ID-0320,Kofi,Kamara,Aisha Camara,2024-11-19,M,+233223951801,H-0178,C-05,F-04,2025-01-07
C-ID-0321,John,Johnson,Amina Johnson,2025-10-19,M,+233247557512,H-0272,C-07,F-02,2025-10-21
C-ID-0322,Ibrahim,Smith,Mariam Smith,2024-01-11,M,+233221395409,H-0023,C-01,F-01,2024-01-21
C-ID-0323,John,Mensah,Elizabeth Mensah,2026-04-01,M,+233268382413,H-0049,C-01,F-01,2026-04-12
C-ID-0324,Kwame,Sow,Mariam Sow,2024-05-24,M,+233253788744,H-0067,C-02,F-02,2024-05-30
C-ID-0325,Mary,Mensah,Mary Mensah,2025-11-01,F,+233288478184,H-0232,C-06,F-01,2025-11-03
C-ID-0326,Emmanuel,Johnson,Esther Johnson,2024-11-01,M,+233264561191,H-0080,C-02,F-02,2024-11-03
C-ID-0327,Mary,Johnson,Grace Johnson,2024-01-01,F,+233245568761,H-0275,C-07,F-02,2024-01-15
C-ID-0328,Emmanuel,Sow,Elizabeth Sow,2026-05-16,M,+233238859601,H-0062,C-02,F-02,2026-05-30
C-ID-0329,David,Diallo,Mariam Diallo,2024-05-17,M,+233278915391,H-0168,C-04,F-04,2024-05-18
C-ID-0330,Grace,Osei,Amina Osei,2024-04-30,F,+233270693413,H-0347,C-09,F-04,2024-05-09
C-ID-0331,David,Johnson,Sarah Johnson,2025-10-24,M,+233226301180,H-0384,C-10,F-04,2025-10-25
C-ID-0332,Emmanuel,Diallo,Aisha Diallo,2024-07-05,M,+233294597104,H-0032,C-01,F-01,2024-07-16
C-ID-0333,Sarah,Kamara,Sarah Kamara,2025-06-28,F,+233296702893,H-0044,C-01,F-01,2025-07-06
C-ID-0334,Kofi,Mensah,Amina Mensah,2024-01-05,M,+233216796477,H-0066,C-02,F-02,2024-01-08
C-ID-0336,Emmanuel,Sow,Grace Sow,2024-02-05,M,+233229948970,H-0182,C-06,F-01,2024-02-06
C-ID-0338,Fatoumata,Smith,Mary Smith,2025-03-14,F,+233294658420,H-0144,C-04,F-04,2025-03-27
C-ID-0339,John,Keita,Esther Keita,2023-11-18,M,+233256175477,H-0279,C-07,F-02,2023-12-03
C-ID-0342,Ali,Diallo,Grace Diallo,2026-04-14,M,+233239448924,H-0082,C-02,F-02,2026-04-24
C-ID-0343,Fatoumata,Osei,Mary Osei,2024-10-24,F,+233258155056,H-0199,C-06,F-01,2024-11-08
C-ID-0345,Fatoumata,Johnson,Amina Johnson,2026-02-03,F,+233217538738,H-0253,C-07,F-02,2026-02-07
C-ID-0348,David,Ali,Mariam Ali,2026-03-11,M,+233260142505,H-0076,C-02,F-02,2026-03-23
C-ID-0349,Elizabeth,Mensah,Mariam Mensah,2024-11-26,F,+233253299069,H-0340,C-09,F-04,2024-11-29
C-ID-0350,Esther,Keita,Fatoumata Keita,2024-08-06,F,+233239962391,H-0081,C-02,F-02,2024-08-17
C-ID-0352,Elizabeth,Kamara,Fatoumata Kamara,2024-10-24,F,+233292058189,H-0001,C-01,F-01,2024-10-28
C-ID-0353,Moussa,Osei,Mariam Osei,2026-02-28,M,+233241943272,H-0328,C-09,F-04,2026-03-06
C-ID-0354,David,Keita,Esther Keita,2026-07-14,M,+233245596211,H-0164,C-04,F-04,2026-07-18
C-ID-0356,Fatoumata,Smith,Esther Smith,2024-06-22,F,+233257141449,H-0225,C-06,F-01,2024-07-01
C-ID-0357,Moussa,Toure,Mary Toure,2025-09-07,M,+233270570772,H-0193,C-06,F-01,2025-09-09
C-ID-0358,Amina,Keita,Grace Keita,2026-01-04,F,+233219959009,H-0018,C-01,F-01,2026-01-10
C-ID-0359,Fatoumata,Mensah,Joy Mensah,2026-01-28,F,+233255358959,H-0088,C-02,F-02,2026-02-07
C-ID-0361,Mary,Diallo,Aisha Diallo,2025-02-09,F,+233298663948,H-0052,C-01,F-01,2025-02-14
C-ID-0362,Mary,Diallo,Aisha Dalo,2025-02-07,F,+233298663948,H-0052,C-01,F-04,2025-04-06
C-ID-0363,David,Kamara,Aisha Kamara,2023-11-05,M,+233230614492,H-0153,C-04,F-04,2023-11-06
C-ID-0364,John,Mensah,Grace Mensah,2023-11-27,M,+233236799898,H-0185,C-06,F-01,2023-11-29
C-ID-0365,Emmanuel,Sow,Sarah Sow,2023-12-11,M,+233225503345,H-0014,C-01,F-01,2023-12-16
C-ID-0366,Esther,Sow,Sarah Sow,2024-06-04,F,+233234814337,H-0204,C-06,F-01,2024-06-10
C-ID-0367,Fatoumata,Johnson,Amina Johnson,2025-02-13,F,+233269020960,H-0196,C-06,F-01,2025-02-21
C-ID-0369,Joy,Smith,Elizabeth Smith,2025-04-28,F,+233284303190,H-0044,C-01,F-01,2025-04-29
C-ID-0370,Joy,Johnson,Elizabeth Johnson,2025-04-11,F,+233273922841,H-0199,C-06,F-01,2025-04-16
C-ID-0371,Amina,Ali,Elizabeth Ali,2023-09-13,F,+233286703472,H-0041,C-01,F-01,2023-09-24
C-ID-0373,Muhammad,Smith,Sarah Smith,2024-02-27,M,+233237101146,H-0099,C-02,F-02,2024-03-12
C-ID-0374,Samuel,Sow,Mariam Sow,2026-03-22,M,+233221680625,H-0322,C-09,F-04,2026-03-29
C-ID-0376,Sarah,Smith,Fatoumata Smith,2025-10-07,F,+233286046949,H-0007,C-01,F-01,2025-10-17
C-ID-0378,Grace,Smith,Esther Smith,2023-12-12,F,+233215028557,H-0177,C-05,F-05,2023-12-15
C-ID-0379,Garce,Simth,Esther Smith,2023-11-30,F,,H-0177,C-05,F-01,2024-02-22
C-ID-0380,Fatoumata,Toure,Elizabeth Toure,2024-05-06,F,+233215205303,H-0142,C-04,F-04,2024-05-13
C-ID-0381,Muhammad,Johnson,Grace Johnson,2024-07-05,M,+233212715612,H-0170,C-04,F-04,2024-07-11
C-ID-0382,Grace,Johnson,Sarah Johnson,2025-04-27,F,+233228036919,H-0156,C-04,F-04,2025-05-02
C-ID-0383,Mariam,Sow,Aisha Sow,2026-02-05,F,+233235224301,H-0381,C-10,F-04,2026-02-13
C-ID-0385,Kwame,Ali,Aisha Ali,2025-11-02,M,+233280368504,H-0082,C-02,F-02,2025-11-17
C-ID-0387,Kofi,Diallo,Grace Diallo,2024-07-13,M,+233272306347,H-0234,C-06,F-01,2024-07-22
C-ID-0388,Muhammad,Diallo,Mariam Diallo,2023-11-09,M,+233289731181,H-0204,C-06,F-01,2023-11-17
C-ID-0389,Elizabeth,Ali,Mariam Ali,2024-08-31,F,+233231946425,H-0091,C-02,F-02,2024-09-14
C-ID-0392,Muhammad,Johnson,Fatoumata Johnson,2025-08-17,M,+233290683906,H-0263,C-07,F-02,2025-08-30
C-ID-0393,Muhammad,Johnson,,2025-08-10,M,+233290683906,H-0263,C-07,F-01,2025-10-19
C-ID-0394,Kwame,Toure,Grace Toure,2025-01-20,M,+233266882385,H-0005,C-01,F-01,2025-02-04
C-ID-0395,Esther,Sow,Mary Sow,2023-12-25,F,+233250553227,H-0193,C-06,F-01,2024-01-05
C-ID-0396,Esther,Sow,Mary Sow,2023-12-26,F,,H-0193,C-06,F-05,2024-03-09
C-ID-0397,Elizabeth,Mensah,Amina Mensah,2023-09-24,F,+233298899843,H-0267,C-07,F-02,2023-10-08
C-ID-0398,Grace,Mensah,Esther Mensah,2026-03-29,F,+233255135227,H-0192,C-06,F-01,2026-04-03
C-ID-0399,Grace,Sow,Grace Sow,2025-07-17,F,+233230123169,H-0328,C-09,F-04,2025-07-26
C-ID-0400,Muhammad,Toure,Aisha Toure,2024-10-21,M,+233228781020,H-0392,C-10,F-04,2024-11-02
C-ID-0401,Grace,Sow,Aisha Sow,2024-04-30,F,+233262113377,H-0014,C-01,F-01,2024-05-12
C-ID-0402,Kofi,Diallo,Joy Diallo,2023-12-06,M,+233258116670,H-0019,C-01,F-01,2023-12-15
C-ID-0403,Ibrahim,Osei,Grace Osei,2026-01-19,M,+233273187139,H-0154,C-04,F-04,2026-01-22
C-ID-0404,Joy,Osei,Mariam Osei,2026-02-05,F,+233239830361,H-0380,C-10,F-04,2026-02-11
C-ID-0406,Moussa,Kamara,Elizabeth Kamara,2026-03-14,M,+233273380252,H-0238,C-06,F-01,2026-03-29
C-ID-0408,John,Ali,Grace Ali,2024-04-12,M,+233217256074,H-0100,C-02,F-02,2024-04-26
C-ID-0409,Ali,Keita,Aisha Keita,2024-01-12,M,+233229223220,H-0078,C-02,F-02,2024-01-18
C-ID-0410,David,Johnson,Mariam Johnson,2025-08-09,M,+233252065724,H-0367,C-10,F-04,2025-08-20
C-ID-0411,Moussa,Sow,Mary Sow,2025-08-26,M,+233287346846,H-0030,C-01,F-01,2025-09-08
C-ID-0412,Sarah,Osei,Elizabeth Osei,2024-03-01,F,+233295025258,H-0082,C-02,F-02,2024-03-08
C-ID-0413,Sarah,Osei,Elizabeth Oesi,2024-02-27,F,,H-0082,C-02,F-04,2024-05-06
C-ID-0414,Esther,Smith,Amina Smith,2026-05-21,F,+233281643088,H-0207,C-06,F-01,2026-05-25
C-ID-0415,Amina,Keita,Joy Keita,2025-07-12,F,+233212404661,H-0375,C-10,F-04,2025-07-23
C-ID-0416,Ali,Keita,Grace Keita,2025-11-15,M,+233223785264,H-0003,C-01,F-01,2025-11-22
C-ID-0417,Fatoumata,Mensah,Amina Mensah,2024-12-04,F,+233249034245,H-0258,C-07,F-02,2024-12-12
C-ID-0419,Aisha,Osei,Mariam Osei,2023-11-07,F,+233258217837,H-0373,C-10,F-04,2023-11-20
C-ID-0420,Aisha,Osei,MariamO sei,2023-11-22,F,+233258217837,H-0373,C-10,F-01,2023-12-22
C-ID-0421,John,Kamara,Mary Kamara,2025-05-04,M,+233227610141,H-0097,C-02,F-02,2025-05-08
C-ID-0422,John,Camara,Mary Kamara,2025-05-15,M,+233227610141,H-0097,C-02,F-05,2025-06-18
C-ID-0423,Samuel,Ali,Fatoumata Ali,2025-11-27,M,+233259203071,H-0376,C-10,F-04,2025-12-09
C-ID-0424,John,Sow,Joy Sow,2026-04-29,M,+233289715138,H-0334,C-09,F-04,2026-04-30
C-ID-0425,Muhammad,Kamara,Sarah Kamara,2024-04-05,M,+233269634854,H-0339,C-09,F-04,2024-04-12
C-ID-0426,Esther,Osei,Mary Osei,2026-07-18,F,+233250415166,H-0064,C-02,F-02,2026-07-25
C-ID-0427,Ibrahim,Sow,Elizabeth Sow,2025-10-30,M,+233266213840,H-0339,C-09,F-04,2025-11-13
C-ID-0428,Kwame,Mensah,Sarah Mensah,2023-10-22,M,+233236661903,H-0054,C-01,F-01,2023-11-01
C-ID-0429,Joy,Diallo,Mariam Diallo,2024-04-19,F,+233249641367,H-0103,C-02,F-02,2024-04-22
C-ID-0430,Mary,Johnson,Mariam Johnson,2025-04-13,F,+233210367488,H-0021,C-01,F-01,2025-04-14
C-ID-0431,Mary,Johnson,Mariam Johnson,2025-04-04,F,+233210367488,H-0021,C-01,F-02,2025-06-05
C-ID-0432,David,Toure,Esther Toure,2025-10-05,M,+233222090691,H-0344,C-09,F-04,2025-10-18
C-ID-0433,David,Sow,Mary Sow,2024-01-14,M,+233249731424,H-0262,C-07,F-02,2024-01-19
C-ID-0434,David,Osei,Amina Osei,2024-12-19,M,+233258347193,H-0238,C-06,F-01,2025-01-01
C-ID-0435,Aisha,Mensah,Sarah Mensah,2026-05-05,F,+233211298197,H-0347,C-09,F-04,2026-05-19
C-ID-0436,Kofi,Keita,Esther Keita,2025-02-03,M,+233222475714,H-0071,C-02,F-02,2025-02-09
C-ID-0437,David,Smith,Aisha Smith,2024-01-15,M,+233246484819,H-0176,C-05,F-05,2024-01-29
C-ID-0438,Aisha,Osei,Sarah Osei,2025-11-08,F,+233217871385,H-0198,C-06,F-01,2025-11-22
C-ID-0439,John,Toure,Esther Toure,2024-02-21,M,+233234328380,H-0082,C-02,F-02,2024-03-02
C-ID-0440,Elizabeth,Kamara,Fatoumata Kamara,2023-11-21,F,+233275514730,H-0195,C-06,F-01,2023-11-23
C-ID-0441,Elizabeth,Kamara,Fatoumata Kamara,2023-11-17,F,,H-0195,C-06,F-05,2024-01-10
C-ID-0442,Amina,Mensah,Grace Mensah,2024-11-01,F,+233211658959,H-0211,C-06,F-01,2024-11-13
C-ID-0443,Kofi,Ali,Joy Ali,2026-01-23,M,+233268095862,H-0348,C-09,F-04,2026-02-03
C-ID-0444,Moussa,Keita,Aisha Keita,2025-10-06,M,+233284939694,H-0373,C-10,F-04,2025-10-21
C-ID-0446,Mohamed,Osei,,2023-12-07,M,+233276549837,H-0314,C-08,F-02,2024-02-18
C-ID-0447,Moussa,Keita,Mary Keita,2024-09-28,M,+233247333618,H-0085,C-02,F-02,2024-09-29
C-ID-0448,Ibrahim,Smith,Aisha Smith,2025-04-12,M,+233220580463,H-0260,C-07,F-02,2025-04-20
C-ID-0449,Sarah,Johnson,Esther Johnson,2024-10-28,F,+233225932563,H-0228,C-06,F-01,2024-11-05
C-ID-0450,David,Smith,Aisha Smith,2026-05-25,M,+233284776858,H-0382,C-10,F-04,2026-06-03
C-ID-0451,Samuel,Toure,Grace Toure,2023-09-30,M,+233285475000,H-0001,C-01,F-01,2023-10-04
C-ID-0452,Mariam,Keita,Amina Keita,2025-05-07,F,+233270996586,H-0336,C-09,F-04,2025-05-13
C-ID-0454,Mariam,Sow,Joy Sow,2024-07-02,F,+233224270328,H-0002,C-01,F-01,2024-07-03
C-ID-0455,Fatoumata,Smith,Sarah Smith,2025-03-04,F,+233291987136,H-0085,C-02,F-02,2025-03-08
C-ID-0456,John,Diallo,Esther Diallo,2025-07-12,M,+233255356673,H-0097,C-02,F-02,2025-07-14
C-ID-0457,Amina,Toure,Sarah Toure,2024-01-27,F,+233271389561,H-0388,C-10,F-04,2024-02-07
C-ID-0459,Joy,Osei,Elizabeth Osei,2025-08-16,F,+233227231111,H-0222,C-06,F-01,2025-08-18
C-ID-0460,Joy,Smith,Aisha Smith,2025-03-16,F,+233246721417,H-0199,C-06,F-01,2025-03-23
C-ID-0462,Esther,Osei,Fatoumata Osei,2024-04-13,F,+233290869462,H-0176,C-05,F-05,2024-04-25
C-ID-0463,Joy,Keita,Joy Keita,2025-05-18,F,+233236962876,H-0384,C-10,F-04,2025-05-22
C-ID-0464,Mariam,Osei,Fatoumata Osei,2023-10-10,F,+233282811973,H-0320,C-09,F-04,2023-10-22
C-ID-0465,Sarah,Keita,Joy Keita,2023-11-27,F,+233288222933,H-0327,C-09,F-04,2023-12-07
C-ID-0466,Joy,Sow,Aisha Sow,2026-07-11,F,+233280159631,H-0342,C-09,F-04,2026-07-13
C-ID-0467,Fatoumata,Kamara,Amina Kamara,2025-06-23,F,+233245833216,H-0013,C-01,F-01,2025-07-06
C-ID-0469,Grace,Osei,Amina Osei,2024-12-10,F,+233237380537,H-0083,C-02,F-02,2024-12-23
C-ID-0470,Kofi,Johnson,Sarah Johnson,2025-05-04,M,+233296854901,H-0278,C-07,F-02,2025-05-13
C-ID-0471,Ibrahim,Sow,Amina Sow,2024-06-16,M,+233262016704,H-0200,C-06,F-01,2024-06-23
C-ID-0472,Joy,Kamara,Amina Kamara,2025-03-10,F,+233237257905,H-0351,C-09,F-04,2025-03-20
C-ID-0473,Joy,Kamara,Amina Kamara,2025-03-09,F,+233237257905,H-0351,C-09,F-01,2025-05-29
C-ID-0474,Kofi,Toure,Joy Toure,2025-06-30,M,+233235970823,H-0227,C-06,F-01,2025-07-05
C-ID-0475,David,Osei,Fatoumata Osei,2023-09-19,M,+233226019397,H-0230,C-06,F-01,2023-09-26
C-ID-0476,Grace,Ali,Grace Ali,2025-11-13,F,+233231599504,H-0021,C-01,F-01,2025-11-23
C-ID-0478,Samuel,Sow,Esther Sow,2024-08-03,M,+233219781894,H-0166,C-04,F-04,2024-08-16
C-ID-0479,Joy,Diallo,Fatoumata Diallo,2026-03-20,F,+233277798790,H-0363,C-10,F-04,2026-03-23
C-ID-0480,Sarah,Keita,Mary Keita,2025-05-27,F,+233299031246,H-0213,C-06,F-01,2025-06-02
C-ID-0481,Grace,Diallo,Elizabeth Diallo,2023-12-08,F,+233285341065,H-0170,C-04,F-04,2023-12-22
C-ID-0482,David,Keita,Esther Keita,2025-04-01,M,+233296203262,H-0386,C-10,F-04,2025-04-11
C-ID-0483,Muhammad,Keita,Aisha Keita,2025-12-17,M,+233261791391,H-0319,C-09,F-04,2025-12-22
C-ID-0484,Amina,Ali,Mariam Ali,2023-09-18,F,+233278281335,H-0277,C-07,F-02,2023-09-26
C-ID-0485,Kwame,Diallo,Mariam Diallo,2023-09-19,M,+233221052218,H-0250,C-07,F-02,2023-09-21
C-ID-0486,David,Diallo,Mary Diallo,2024-03-21,M,+233223948820,H-0086,C-02,F-02,2024-03-25
C-ID-0487,Daivd,Diallo,Marie Diallo,2024-03-12,M,+233223948820,H-0086,C-02,F-01,2024-06-10
C-ID-0488,Sarah,Osei,Amina Osei,2024-01-09,F,+233254522084,H-0276,C-07,F-02,2024-01-10
C-ID-0489,Muhammad,Osei,Grace Osei,2026-03-15,M,+233287170132,H-0045,C-01,F-01,2026-03-29
C-ID-0491,Sarah,Ali,Amina Ali,2026-03-30,F,+233288598977,H-0009,C-01,F-01,2026-03-31
C-ID-0492,Sarah,Ali,Amina Ali,2026-03-18,F,+233288598977,H-0009,C-01,F-02,2026-06-26
C-ID-0493,Kofi,Ali,Sarah Ali,2024-12-21,M,+233250446607,H-0359,C-10,F-04,2024-12-31
C-ID-0494,Esther,Smith,Aisha Smith,2026-06-04,F,+233273617549,H-0045,C-01,F-01,2026-06-07
C-ID-0495,Emmanuel,Smith,Joy Smith,2024-12-10,M,+233295100169,H-0274,C-07,F-02,2024-12-13
C-ID-0496,Amina,Ali,Joy Ali,2025-10-21,F,+233226540343,H-0153,C-04,F-04,2025-10-22
C-ID-0497,Joy,Ali,Sarah Ali,2024-11-20,F,+233238192821,H-0003,C-01,F-01,2024-12-02
C-ID-0498,Mary,Smith,Joy Smith,2025-10-19,F,+233231602928,H-0380,C-10,F-04,2025-10-22
C-ID-0500,Kwame,Mensah,Grace Mensah,2026-01-17,M,+233236496940,H-0331,C-09,F-04,2026-01-29
C-ID-0502,Mariam,Keita,Fatima Keita,2025-04-02,F,+233223427820,H-0298,C-08,F-02,2025-05-25
C-ID-0504,Elizabeth,Osei,Elizabeth Osei,2024-07-21,F,+233252457517,H-0338,C-09,F-04,2024-07-28
C-ID-0505,Elizabeth,Osei,Elizabeth Osei,2024-07-12,F,,H-0338,C-09,F-02,2024-10-01
C-ID-0506,Kofi,Diallo,Mary Diallo,2024-02-25,M,+233247135338,H-0087,C-02,F-02,2024-03-10
C-ID-0508,Kofi,Johnson,Esther Johnson,2024-02-06,M,+233258149482,H-0185,C-06,F-01,2024-02-19
C-ID-0509,Joy,Mensah,Fatoumata Mensah,2026-02-20,F,+233247663633,H-0157,C-04,F-04,2026-03-06
C-ID-0510,Joy,Mensah,,2026-02-26,F,+233250069088,H-0157,C-04,F-05,2026-05-09
C-ID-0511,Kwame,Mensah,Sarah Mensah,2026-06-29,M,+233278072320,H-0072,C-02,F-02,2026-07-10
C-ID-0512,Kwame,Mensah,,2026-06-14,M,,H-0072,C-02,F-04,2026-08-12
C-ID-0513,Elizabeth,Diallo,Amina Diallo,2025-02-19,F,+233282943217,H-0016,C-01,F-01,2025-03-06
C-ID-0514,Fatoumata,Keita,Aisha Keita,2025-05-06,F,+233289134873,H-0277,C-07,F-02,2025-05-18
C-ID-0515,Moussa,Ali,Joy Ali,2026-02-02,M,+233263255602,H-0149,C-04,F-04,2026-02-08
C-ID-0516,Ali,Toure,Fatoumata Toure,2023-09-19,M,+233228840235,H-0258,C-07,F-02,2023-09-27
C-ID-0517,Ali,Touer,Fatoumata Toure,2023-09-13,M,+233228840235,H-0258,C-07,F-04,2023-11-17
C-ID-0518,Samuel,Toure,Fatoumata Toure,2023-11-20,M,+233258156722,H-0082,C-02,F-02,2023-11-21
C-ID-0520,Ibrahim,Keita,Aisha Keita,2023-12-19,M,+233271021210,H-0343,C-09,F-04,2024-01-03
C-ID-0521,Kofi,Mensah,Joy Mensah,2025-01-23,M,+233245341684,H-0024,C-01,F-01,2025-02-02
C-ID-0523,John,Smith,Mariam Smith,2026-02-28,M,+233279345320,H-0279,C-07,F-02,2026-03-05
C-ID-0524,Ibrahim,Smith,Mariam Smith,2024-08-30,M,+233275345452,H-0193,C-06,F-01,2024-09-12
C-ID-0525,Ibrahim,Osei,Esther Osei,2025-09-01,M,+233240868838,H-0247,C-07,F-02,2025-09-03
C-ID-0526,Mary,Osei,Fatoumata Osei,2025-09-18,F,+233258616740,H-0264,C-07,F-02,2025-09-28
C-ID-0527,Mary,Osei,Fatima Osei,2025-09-13,F,+233258616740,H-0264,C-07,F-04,2025-11-26
C-ID-0528,Ali,Smith,Mariam Smith,2025-12-17,M,+233274628070,H-0368,C-10,F-04,2025-12-28
C-ID-0529,Mary,Toure,Fatoumata Toure,2024-04-17,F,+233213012656,H-0246,C-07,F-02,2024-04-21
C-ID-0530,Mary,Toure,Fatoumata Toure,2024-04-09,F,,H-0246,C-07,F-04,2024-07-08
C-ID-0531,Samuel,Toure,Fatoumata Toure,2025-11-04,M,+233294495485,H-0023,C-01,F-01,2025-11-13
C-ID-0532,Muhammad,Osei,Grace Osei,2025-08-03,M,+233279342339,H-0021,C-01,F-01,2025-08-10
C-ID-0534,Ali,Smith,Elizabeth Smith,2025-10-18,M,+233288201440,H-0247,C-07,F-02,2025-11-01
C-ID-0535,Samuel,Ali,Grace Ali,2025-08-28,M,+233255992559,H-0393,C-10,F-04,2025-09-12
C-ID-0536,Ali,Smith,Aisha Smith,2025-11-09,M,+233224572034,H-0233,C-06,F-01,2025-11-10
C-ID-0537,Fatoumata,Toure,Sarah Toure,2025-08-08,F,+233273870080,H-0104,C-02,F-02,2025-08-23
C-ID-0539,John,Ali,Aisha Ali,2024-07-09,M,+233215830187,H-0067,C-02,F-02,2024-07-21
C-ID-0540,Mary,Johnson,Aisha Johnson,2024-08-19,F,+233289060695,H-0272,C-07,F-02,2024-09-01
C-ID-0541,John,Osei,Grace Osei,2023-12-03,M,+233241207351,H-0380,C-10,F-04,2023-12-18
C-ID-0542,Elizabeth,Ali,Aisha Ali,2025-02-25,F,+233235369971,H-0043,C-01,F-01,2025-02-26
C-ID-0543,Samuel,Ali,Sarah Ali,2023-09-07,M,+233210965569,H-0364,C-10,F-04,2023-09-14
C-ID-0544,Kofi,Smith,Mariam Smith,2025-12-31,M,+233230774029,H-0336,C-09,F-04,2026-01-07
C-ID-0545,Grace,Ali,Aisha Ali,2024-07-19,F,+233292125234,H-0334,C-09,F-04,2024-07-24
C-ID-0546,Mary,Smith,Joy Smith,2023-11-22,F,+233233987338,H-0349,C-09,F-04,2023-11-28
C-ID-0548,Ali,Johnson,Fatoumata Johnson,2026-01-13,M,+233238784084,H-0071,C-02,F-02,2026-01-22
C-ID-0549,Joy,Toure,Amina Toure,2025-09-11,F,+233262224611,H-0206,C-06,F-01,2025-09-22
C-ID-0550,Emmanuel,Johnson,Elizabeth Johnson,2024-02-27,M,+233221830043,H-0003,C-01,F-01,2024-02-29
C-ID-0551,Emmanuel,Johnson,,2024-02-20,M,+233221830043,H-0003,C-01,F-05,2024-04-23
C-ID-0553,Elizabeth,Kamara,Fatoumata Kamara,2023-10-29,F,+233268917831,H-0206,C-06,F-01,2023-10-30
C-ID-0555,Mary,Kamara,Elizabeth Kamara,2023-09-26,F,+233279231333,H-0104,C-02,F-02,2023-10-08
C-ID-0557,Mohamed,Keta,,2026-08-20,M,+233231131878,H-0119,C-03,F-02,2026-10-13
C-ID-0558,Mariam,Smith,Aisha Smith,2025-06-22,F,+233279490249,H-0142,C-04,F-04,2025-06-23
C-ID-0559,David,Ali,Grace Ali,2024-08-24,M,+233256637316,H-0378,C-10,F-04,2024-09-07
C-ID-0560,Samuel,Diallo,Esther Diallo,2024-05-01,M,+233287162674,H-0142,C-04,F-04,2024-05-02
C-ID-0562,John,Ali,,2026-03-18,M,+233277534222,H-0134,C-03,F-02,2026-06-07
C-ID-0563,Ibrahim,Sow,Joy Sow,2025-03-12,M,+233269427400,H-0175,C-04,F-04,2025-03-19
C-ID-0565,Sarah,Sow,Sarah Sow,2024-06-14,F,+233295048646,H-0015,C-01,F-01,2024-06-27
C-ID-0567,Mary,Sow,Sarah Sow,2024-05-11,F,+233255901507,H-0359,C-10,F-04,2024-05-13
C-ID-0568,Mary,Sow,,2024-05-23,F,+233255901507,H-0359,C-10,F-02,2024-06-29
C-ID-0570,Moussa,Diallo,Mary Diallo,2025-03-29,M,+233245622106,H-0094,C-02,F-02,2025-04-02
C-ID-0572,Elizabeth,Kamara,Joy Kamara,2026-05-12,F,+233274732147,H-0041,C-01,F-01,2026-05-18
C-ID-0574,Aisha,Diallo,Elizabeth Diallo,2025-11-17,F,+233217267644,H-0262,C-07,F-02,2025-11-26
C-ID-0575,Aisha,Dilalo,,2025-11-08,F,+233275953544,H-0262,C-07,F-01,2026-01-05
C-ID-0576,Joy,Kamara,Joy Kamara,2024-08-25,F,+233262843790,H-0217,C-06,F-01,2024-09-08
C-ID-0577,Moussa,Mensah,Joy Mensah,2024-01-07,M,+233252365995,H-0352,C-09,F-04,2024-01-19
C-ID-0578,Ali,Smith,Elizabeth Smith,2026-01-12,M,+233253679307,H-0005,C-01,F-01,2026-01-18
C-ID-0581,Mariam,Smith,Grace Smith,2024-01-26,F,+233234144323,H-0359,C-10,F-04,2024-02-05
C-ID-0582,David,Sow,Mary Sow,2024-03-04,M,+233261121302,H-0068,C-02,F-02,2024-03-08
C-ID-0583,Moussa,Kamara,Fatoumata Kamara,2024-03-26,M,+233277054885,H-0075,C-02,F-02,2024-03-29
C-ID-0584,Esther,Sow,Grace Sow,2026-05-01,F,+233263472598,H-0323,C-09,F-04,2026-05-03
C-ID-0585,Muhammad,Diallo,Grace Diallo,2023-12-05,M,+233294538675,H-0354,C-09,F-04,2023-12-07
C-ID-0586,Grace,Keita,Mariam Keita,2025-02-25,F,+233256189726,H-0231,C-06,F-01,2025-02-26
C-ID-0587,Kofi,Toure,Mary Toure,2025-08-14,M,+233248199537,H-0211,C-06,F-01,2025-08-20
C-ID-0588,Esther,Mensah,Aisha Mensah,2024-12-28,F,+233272243750,H-0167,C-04,F-04,2025-01-08
C-ID-0589,Kofi,Smith,Elizabeth Smith,2024-04-30,M,+233219575640,H-0075,C-02,F-02,2024-05-02
C-ID-0590,Mary,Keita,Mariam Keita,2024-12-18,F,+233245899536,H-0083,C-02,F-02,2024-12-28
C-ID-0591,Grace,Johnson,Mariam Johnson,2024-01-27,F,+233265564671,H-0331,C-09,F-04,2024-01-30
C-ID-0592,Emmanuel,Diallo,Grace Diallo,2026-02-24,M,+233238262427,H-0095,C-02,F-02,2026-02-27
C-ID-0593,David,Mensah,Esther Mensah,2026-04-18,M,+233213538638,H-0204,C-06,F-01,2026-05-01
C-ID-0594,David,Sow,Elizabeth Sow,2025-09-22,M,+233221316066,H-0204,C-06,F-01,2025-10-03
C-ID-0595,Mary,Diallo,Grace Diallo,2024-02-11,F,+233294084814,H-0200,C-06,F-01,2024-02-14
C-ID-0596,Muhammad,Kamara,Mariam Kamara,2024-10-09,M,+233273908407,H-0068,C-02,F-02,2024-10-17
C-ID-0597,Joy,Johnson,Fatoumata Johnson,2025-08-09,F,+233289299984,H-0277,C-07,F-02,2025-08-19
C-ID-0598,Joy,Ali,Grace Ali,2024-08-25,F,+233274646194,H-0234,C-06,F-01,2024-09-03
C-ID-0599,Joy,Ali,Grace Ali,2024-09-01,F,+233274646194,H-0234,C-06,F-05,2024-11-02
C-ID-0601,Muhammad,Ali,Fatoumata Ali,2024-09-01,M,+233248488577,H-0156,C-04,F-04,2024-09-09
C-ID-0602,Moussa,Johnson,Grace Johnson,2026-07-19,M,+233267772049,H-0274,C-07,F-02,2026-08-01
C-ID-0603,Muhammad,Ali,Mariam Ali,2025-07-16,M,+233265262252,H-0150,C-04,F-04,2025-07-31
C-ID-0606,Aisha,Diallo,Sarah Diallo,2025-07-29,F,+233228337367,H-0381,C-10,F-04,2025-08-03
C-ID-0607,Elizabeth,Johnson,Grace Johnson,2023-11-03,F,+233235204672,H-0057,C-01,F-01,2023-11-09
C-ID-0608,Muhammad,Ali,Amina Ali,2025-07-22,M,+233223726915,H-0010,C-01,F-01,2025-07-27
C-ID-0610,Kofi,Smith,Grace Smith,2023-10-21,M,+233259848072,H-0253,C-07,F-02,2023-10-29
C-ID-0611,Kofi,Mensah,Fatoumata Mensah,2026-04-14,M,+233245769504,H-0357,C-09,F-04,2026-04-27
C-ID-0612,Ibrahim,Johnson,Fatoumata Johnson,2025-07-09,M,+233243565097,H-0201,C-06,F-01,2025-07-23
C-ID-0613,David,Diallo,Aisha Diallo,2024-02-11,M,+233243173547,H-0196,C-06,F-01,2024-02-23
C-ID-0614,Moussa,Mensah,Joy Mensah,2025-06-06,M,+233273461570,H-0018,C-01,F-01,2025-06-13
C-ID-0615,Mariam,Osei,Amina Osei,2025-11-29,F,+233243999060,H-0349,C-09,F-04,2025-12-07
C-ID-0616,Mary,Keita,Amina Keita,2025-05-17,F,+233225157001,H-0327,C-09,F-04,2025-05-21
C-ID-0618,Mariam,Kamara,Fatoumata Kamara,2025-01-18,F,+233288476684,H-0325,C-09,F-04,2025-01-20
C-ID-0619,Muhammad,Kamara,Elizabeth Kamara,2023-12-07,M,+233290022258,H-0203,C-06,F-01,2023-12-10
C-ID-0620,Ali,Osei,Esther Osei,2026-01-31,M,+233293033107,H-0191,C-06,F-01,2026-02-06
C-ID-0621,Muhammad,Keita,Fatoumata Keita,2025-12-30,M,+233226888275,H-0389,C-10,F-04,2026-01-07
C-ID-0623,Fatoumata,Sow,Amina Sow,2023-11-17,F,+233268720256,H-0194,C-06,F-01,2023-11-26
C-ID-0624,Mary,Toure,Fatoumata Toure,2024-08-24,F,+233253443711,H-0151,C-04,F-04,2024-09-05
C-ID-0625,Elizabeth,Ali,Fatoumata Ali,2026-03-18,F,+233281288059,H-0240,C-07,F-02,2026-03-21
C-ID-0626,Grace,Ali,Mariam Ali,2024-01-20,F,+233210096613,H-0231,C-06,F-01,2024-02-02
C-ID-0627,Fatoumata,Kamara,Elizabeth Kamara,2024-07-22,F,+233293241474,H-0327,C-09,F-04,2024-07-26
C-ID-0628,Ibrahim,Smith,Mary Smith,2023-10-23,M,+233284016756,H-0165,C-04,F-04,2023-10-26
C-ID-0630,Muhammad,Osei,Fatoumata Osei,2026-06-03,M,+233237122588,H-0338,C-09,F-04,2026-06-05
C-ID-0631,David,Kamara,Elizabeth Kamara,2024-06-02,M,+233298304696,H-0249,C-07,F-02,2024-06-10
C-ID-0632,Davidi,Kamara,Eliazbeth Kamara,2024-05-21,M,+233298304696,H-0249,C-07,F-05,2024-08-01
C-ID-0633,Amina,Keita,Mary Keita,2026-03-14,F,+233211756387,H-0270,C-07,F-02,2026-03-29
C-ID-0635,Amina,Toure,Grace Toure,2026-05-15,F,+233219447334,H-0213,C-06,F-01,2026-05-29
C-ID-0637,Ali,Ali,Sarah Ali,2026-01-11,M,+233241006711,H-0156,C-04,F-04,2026-01-20
C-ID-0638,Ali,Ali,,2025-12-30,M,,H-0156,C-04,F-01,2026-03-05
C-ID-0639,Ali,Ali,Mary Ali,2025-08-05,M,+233284950330,H-0198,C-06,F-01,2025-08-17
C-ID-0641,Emmanuel,Ali,Aisha Ali,2023-10-08,M,+233255300210,H-0054,C-01,F-01,2023-10-19
C-ID-0642,Mariam,Keita,Joy Keita,2024-10-11,F,+233259891348,H-0081,C-02,F-02,2024-10-18
C-ID-0643,Mariam,Toure,Mary Toure,2025-05-25,F,+233260340113,H-0392,C-10,F-04,2025-06-07
C-ID-0644,Mariam,Johnson,Esther Johnson,2024-05-15,F,+233210026256,H-0282,C-07,F-02,2024-05-27
C-ID-0645,Elizabeth,Kamara,Joy Kamara,2025-11-03,F,+233250512501,H-0018,C-01,F-01,2025-11-04
C-ID-0646,Ali,Keita,Amina Keita,2025-01-18,M,+233284311410,H-0154,C-04,F-04,2025-01-27
C-ID-0650,Samuel,Sow,Amina Sow,2024-06-16,M,+233220533057,H-0250,C-07,F-02,2024-06-29
C-ID-0651,Mariam,Smith,Aisha Smith,2025-12-03,F,+233240429530,H-0029,C-01,F-01,2025-12-15
C-ID-0652,John,Kamara,Grace Kamara,2026-05-14,M,+233252857940,H-0335,C-09,F-04,2026-05-23
C-ID-0654,Esther,Toure,Elizabeth Toure,2023-10-08,F,+233222090729,H-0375,C-10,F-04,2023-10-12
C-ID-0655,Aisha,Osei,Fatoumata Osei,2024-09-17,F,+233221079017,H-0222,C-06,F-01,2024-09-25
C-ID-0657,Emmanuel,Johnson,Joy Johnson,2025-06-27,M,+233275479608,H-0223,C-06,F-01,2025-07-04
C-ID-0658,Emmanuel,Johnson,,2025-06-12,M,+233275479608,H-0223,C-06,F-05,2025-09-14
C-ID-0659,Ibrahim,Toure,Joy Toure,2025-03-20,M,+233242522981,H-0334,C-09,F-04,2025-03-22
C-ID-0661,Mary,Keita,Mariam Keita,2026-06-18,F,+233250912093,H-0188,C-06,F-01,2026-06-21
C-ID-0662,Elizabeth,Osei,Esther Osei,2026-05-07,F,+233241338443,H-0180,C-06,F-01,2026-05-11
C-ID-0663,Fatoumata,Mensah,Sarah Mensah,2026-04-17,F,+233242621391,H-0351,C-09,F-04,2026-04-27
C-ID-0664,Amina,Keita,Sarah Keita,2024-11-20,F,+233270406241,H-0076,C-02,F-02,2024-11-28
C-ID-0665,Mary,Ali,Mary Ali,2025-06-15,F,+233283339816,H-0012,C-01,F-01,2025-06-24
C-ID-0666,Joy,Johnson,Elizabeth Johnson,2025-10-21,F,+233299692417,H-0385,C-10,F-04,2025-10-22
C-ID-0667,Kwame,Osei,Amina Osei,2025-01-02,M,+233236936968,H-0193,C-06,F-01,2025-01-15
C-ID-0668,Amina,Johnson,Amina Johnson,2026-03-23,F,+233262163068,H-0357,C-09,F-04,2026-04-03
C-ID-0670,Kofi,Johnson,Elizabeth Johnson,2026-02-07,M,+233235020518,H-0261,C-07,F-02,2026-02-11
C-ID-0671,Joy,Kamara,Amina Kamara,2025-03-18,F,+233281056927,H-0257,C-07,F-02,2025-03-23
C-ID-0672,Aisha,Osei,Amina Osei,2024-08-26,F,+233257232974,H-0171,C-04,F-04,2024-09-01
C-ID-0673,Mary,Ali,Grace Ali,2026-04-02,F,+233293992429,H-0321,C-09,F-04,2026-04-07
C-ID-0674,Ibrahim,Sow,Mary Sow,2025-09-30,M,+233255873760,H-0199,C-06,F-01,2025-10-15
C-ID-0675,David,Smith,Joy Smith,2025-04-28,M,+233266013532,H-0202,C-06,F-01,2025-05-02
C-ID-0677,John,Sow,Elizabeth Sow,2024-09-17,M,+233270286467,H-0294,C-08,F-01,2024-12-09
C-ID-0678,Emmanuel,Toure,Joy Toure,2025-06-18,M,+233228536762,H-0068,C-02,F-02,2025-06-23
C-ID-0679,John,Osei,Elizabeth Osei,2025-09-17,M,+233252613620,H-0353,C-09,F-04,2025-09-19
C-ID-0681,Grace,Johnson,Grace Johnson,2025-09-29,F,+233235224021,H-0212,C-06,F-01,2025-10-01
C-ID-0682,Muhammad,Toure,Elizabeth Toure,2025-02-06,M,+233291282861,H-0068,C-02,F-02,2025-02-16
C-ID-0685,Fatoumata,Ali,Elizabeth Ali,2023-12-20,F,+233297183615,H-0353,C-09,F-04,2023-12-26
C-ID-0686,Esther,Johnson,Fatoumata Johnson,2025-09-05,F,+233235938895,H-0095,C-02,F-02,2025-09-09
C-ID-0687,Amina,Sow,Aisha Sow,2025-05-08,F,+233237223861,H-0017,C-01,F-01,2025-05-21
C-ID-0688,Emmanuel,Johnson,Elizabeth Johnson,2023-11-07,M,+233253606752,H-0105,C-02,F-02,2023-11-21
C-ID-0689,John,Smith,Amina Smith,2024-06-18,M,+233251996390,H-0235,C-06,F-01,2024-06-25
C-ID-0692,Esther,Smith,Grace Smith,2024-12-29,F,+233271920968,H-0098,C-02,F-02,2025-01-01
C-ID-0693,Elizabeth,Kamara,Joy Kamara,2025-10-19,F,+233272220513,H-0217,C-06,F-01,2025-11-02
C-ID-0694,Sarah,Ali,Sarah Ali,2025-08-03,F,+233288577462,H-0331,C-09,F-04,2025-08-18
C-ID-0695,John,Smith,Mariam Smith,2024-01-26,M,+233213343647,H-0357,C-09,F-04,2024-01-29
C-ID-0696,John,Smith,Mariam Smith,2024-01-14,M,,H-0357,C-09,F-05,2024-03-19
C-ID-0697,Moussa,Mensah,Grace Mensah,2024-10-12,M,+233297050454,H-0233,C-06,F-01,2024-10-27
C-ID-0698,Moussa,Mensah,Grace Mensah,2024-10-22,M,,H-0233,C-06,F-05,2024-12-02
C-ID-0699,David,Mensah,Sarah Mensah,2024-01-29,M,+233295103759,H-0365,C-10,F-04,2024-02-04
C-ID-0700,Joy,Toure,Fatoumata Toure,2024-06-22,F,+233283866174,H-0044,C-01,F-01,2024-06-29
C-ID-0701,Kofi,Toure,Fatoumata Toure,2025-09-08,M,+233229408873,H-0023,C-01,F-01,2025-09-11
C-ID-0702,John,Sow,Grace Sow,2024-02-05,M,+233248759467,H-0394,C-10,F-04,2024-02-16
C-ID-0703,John,Sow,,2024-02-12,M,+233296216933,H-0394,C-10,F-01,2024-03-27
C-ID-0704,Emmanuel,Diallo,Amina Diallo,2025-03-06,M,+233211638498,H-0093,C-02,F-02,2025-03-14
C-ID-0705,Joy,Kamara,Elizabeth Kamara,2023-10-31,F,+233241927492,H-0255,C-07,F-02,2023-11-04
C-ID-0707,Ibrahim,Sow,Elizabeth Sow,2025-06-07,M,+233216565770,H-0004,C-01,F-01,2025-06-10
C-ID-0708,Kofi,Kamara,Fatoumata Kamara,2026-06-01,M,+233299522760,H-0076,C-02,F-02,2026-06-11
C-ID-0709,Kofi,Kmaara,Fatoumata Kamara,2026-06-02,M,+233299522760,H-0076,C-02,F-05,2026-07-26
C-ID-0711,Elizabeth,Toure,Elizabeth Toure,2025-08-08,F,+233271114408,H-0083,C-02,F-02,2025-08-20
C-ID-0713,Amnia,Mesnah,Grcae Mensah,2024-10-05,F,,H-0297,C-08,F-04,2025-01-06
C-ID-0714,John,Ali,Sarah Ali,2024-12-15,M,+233273191967,H-0195,C-06,F-01,2024-12-18
C-ID-0715,John,Ali,Sarah lAi,2024-12-15,M,+233273191967,H-0195,C-06,F-02,2025-01-29
C-ID-0716,Mariam,Ali,Aisha Ali,2025-06-03,F,+233238058347,H-0063,C-02,F-02,2025-06-13
C-ID-0717,Samuel,Ali,Sarah Ali,2023-11-20,M,+233291171931,H-0030,C-01,F-01,2023-12-05
C-ID-0718,Aisha,Toure,Mariam Toure,2025-02-21,F,+233280516816,H-0362,C-10,F-04,2025-03-03
C-ID-0719,Fatoumata,Toure,Elizabeth Toure,2023-10-25,F,+233279753731,H-0320,C-09,F-04,2023-11-06
C-ID-0720,Esther,Osei,Elizabeth Osei,2025-04-17,F,+233248988647,H-0324,C-09,F-04,2025-04-21
C-ID-0721,Muhammad,Johnson,Sarah Johnson,2025-06-08,M,+233292585240,H-0001,C-01,F-01,2025-06-15
C-ID-0722,Kofi,Keita,Joy Keita,2025-05-29,M,+233211516293,H-0212,C-06,F-01,2025-06-09
C-ID-0723,Grace,Mensah,Grace Mensah,2024-11-30,F,+233278006730,H-0104,C-02,F-02,2024-12-09
C-ID-0724,David,Keita,Mariam Keita,2024-05-17,M,+233286359356,H-0166,C-04,F-04,2024-05-27
C-ID-0725,David,Keta,Mariam Keita,2024-05-09,M,,H-0166,C-04,F-02,2024-07-28
C-ID-0726,Ali,Keita,Mariam Keita,2023-11-29,M,+233273686372,H-0015,C-01,F-01,2023-12-12
C-ID-0727,Moussa,Osei,Esther Osei,2024-09-19,M,+233272071682,H-0019,C-01,F-01,2024-10-02
C-ID-0728,Ibrahim,Sow,Elizabeth Sow,2024-10-29,M,+233284514623,H-0212,C-06,F-01,2024-11-07
C-ID-0729,Samuel,Keita,Mariam Keita,2026-03-24,M,+233230039365,H-0010,C-01,F-01,2026-03-29
C-ID-0730,Aisha,Ali,Fatoumata Ali,2024-05-31,F,+233235149571,H-0016,C-01,F-01,2024-06-10
C-ID-0731,Mariam,Kamara,Grace Kamara,2024-04-11,F,+233221649801,H-0060,C-01,F-01,2024-04-19
C-ID-0733,Ali,Mensah,Esther Mensah,2023-10-05,M,+233213346688,H-0192,C-06,F-01,2023-10-18
C-ID-0734,Ali,Keita,Esther Keita,2024-11-09,M,+233253934556,H-0248,C-07,F-02,2024-11-12
C-ID-0735,Ali,Keita,Esther Keita,2024-11-10,M,,H-0248,C-07,F-04,2025-01-03
C-ID-0736,Ibrahim,Osei,Mary Osei,2026-05-24,M,+233271655384,H-0394,C-10,F-04,2026-05-31
C-ID-0737,Muhammad,Sow,Amina Sow,2026-02-09,M,+233254733393,H-0366,C-10,F-04,2026-02-17
C-ID-0738,Ibrahim,Sow,Amina Sow,2024-11-05,M,+233295745109,H-0024,C-01,F-01,2024-11-20
C-ID-0740,Sarah,Sow,Fatoumata Sow,2025-09-18,F,+233246726921,H-0396,C-10,F-04,2025-09-20
C-ID-0741,Ali,Ali,Mariam Ali,2024-10-23,M,+233246379997,H-0008,C-01,F-01,2024-10-26
C-ID-0742,Elizabeth,Diallo,Fatoumata Diallo,2026-03-14,F,+233251792388,H-0361,C-10,F-04,2026-03-24
C-ID-0743,Amina,Osei,Amina Osei,2023-12-16,F,+233216772091,H-0174,C-04,F-04,2023-12-18
C-ID-0744,David,Smith,Aisha Smith,2025-08-05,M,+233290010054,H-0197,C-06,F-01,2025-08-20
C-ID-0746,Moussa,Toure,Fatoumata Toure,2026-01-28,M,+233272850928,H-0389,C-10,F-04,2026-01-30
C-ID-0747,Esther,Johnson,Mary Johnson,2025-05-05,F,+233229289997,H-0234,C-06,F-01,2025-05-19
C-ID-0749,David,Johnson,Sarah Johnson,2024-08-17,M,+233274243595,H-0250,C-07,F-02,2024-08-25
C-ID-0750,Mariam,Toure,Elizabeth Toure,2025-11-19,F,+233278175850,H-0088,C-02,F-02,2025-11-21
C-ID-0751,Kofi,Ali,Sarah Ali,2024-11-26,M,+233281503899,H-0208,C-06,F-01,2024-12-04
C-ID-0752,Mary,Toure,Mary Toure,2025-09-15,F,+233274743230,H-0206,C-06,F-01,2025-09-22
C-ID-0753,Mary,Toure,Aisha Toure,2024-02-27,F,+233286129797,H-0034,C-01,F-01,2024-03-11
C-ID-0754,Emmanuel,Mensah,Elizabeth Mensah,2023-11-14,M,+233225344154,H-0176,C-05,F-05,2023-11-24
C-ID-0756,Mariam,Ali,Sara Ali,2024-02-18,F,+233233645674,H-0306,C-08,F-04,2024-04-09
C-ID-0757,Samuel,Mensah,Elizabeth Mensah,2024-06-21,M,+233253943990,H-0208,C-06,F-01,2024-06-29
C-ID-0758,David,Diallo,Fatoumata Diallo,2026-08-06,M,+233229693143,H-0331,C-09,F-04,2026-08-17
C-ID-0759,Joy,Sow,Aisha Sow,2024-02-03,F,+233236261929,H-0077,C-02,F-02,2024-02-07
C-ID-0760,Grace,Toure,Grace Toure,2024-02-28,F,+233256206415,H-0349,C-09,F-04,2024-03-01
C-ID-0762,Muhammad,Ali,Mariam Ali,2025-12-25,M,+233247877483,H-0190,C-06,F-01,2026-01-08
C-ID-0763,John,Toure,Aisha Toure,2024-10-24,M,+233261377152,H-0016,C-01,F-01,2024-10-31
C-ID-0764,Joy,Diallo,Fatoumata Diallo,2023-12-08,F,+233228665507,H-0196,C-06,F-01,2023-12-12
C-ID-0766,David,Kamara,Fatoumata Kamara,2023-11-14,M,+233298305426,H-0069,C-02,F-02,2023-11-21
C-ID-0767,Emmanuel,Smith,Esther Smith,2024-03-18,M,+233293650995,H-0070,C-02,F-02,2024-03-21
C-ID-0768,Joy,Johnson,Aisha Johnson,2024-08-09,F,+233240298433,H-0233,C-06,F-01,2024-08-12
C-ID-0769,Samuel,Johnson,Mary Johnson,2023-10-14,M,+233246138183,H-0218,C-06,F-01,2023-10-21
C-ID-0770,Samuel,Jonhson,Marie Johnson,2023-10-29,M,+233289900619,H-0218,C-06,F-02,2023-12-18
C-ID-0771,Amina,Kamara,Elizabeth Kamara,2023-11-21,F,+233259469782,H-0280,C-07,F-02,2023-11-23
C-ID-0773,Ali,Johnson,Sarah Johnson,2024-11-05,M,+233292280717,H-0041,C-01,F-01,2024-11-06
C-ID-0774,Moussa,Johnson,Joy Johnson,2023-12-20,M,+233287036318,H-0176,C-05,F-05,2024-01-01
C-ID-0775,Mariam,Sow,Grace Sow,2025-08-28,F,+233214741407,H-0170,C-04,F-04,2025-09-09
C-ID-0778,Kwame,Sow,Fatoumata Sow,2025-01-08,M,+233246939015,H-0065,C-02,F-02,2025-01-22
C-ID-0780,Kwame,Diallo,Esther Diallo,2025-08-01,M,+233280784933,H-0190,C-06,F-01,2025-08-15
C-ID-0781,Sarah,Osei,Elizabeth Osei,2025-09-25,F,+233276565050,H-0017,C-01,F-01,2025-10-08
C-ID-0782,Mary,Johnson,Fatoumata Johnson,2025-06-01,F,+233287545284,H-0212,C-06,F-01,2025-06-13
C-ID-0783,Kwame,Mensah,Amina Mensah,2025-08-28,M,+233272279029,H-0177,C-05,F-05,2025-09-04
C-ID-0784,Esther,Ali,Mary Ali,2024-06-20,F,+233262354374,H-0244,C-07,F-02,2024-06-28
C-ID-0786,Joy,Kamara,Sarah Kamara,2024-08-12,F,+233267953319,H-0348,C-09,F-04,2024-08-22
C-ID-0787,Mariam,Sow,Grace Sow,2026-01-17,F,+233244271680,H-0334,C-09,F-04,2026-01-28
C-ID-0789,Estehr,Diallo,Elizabeth Dalo,2025-06-25,F,+233279786819,H-0300,C-08,F-04,2025-09-30
C-ID-0790,Kofi,Ali,Amina Ali,2026-07-20,M,+233219120357,H-0347,C-09,F-04,2026-07-21
C-ID-0792,Ibrahim,Mensah,Esther Mensah,2024-08-17,M,+233239449560,H-0211,C-06,F-01,2024-08-29
C-ID-0793,Mary,Kamara,Amina Kamara,2026-01-30,F,+233217634560,H-0146,C-04,F-04,2026-02-09
C-ID-0794,Samuel,Mensah,Sarah Mensah,2026-02-11,M,+233291159552,H-0337,C-09,F-04,2026-02-14
C-ID-0795,Smauel,Mensah,Sarah Mensah,2026-02-09,M,+233291159552,H-0337,C-09,F-02,2026-04-27
C-ID-0796,David,Osei,Grace Osei,2024-12-11,M,+233272673716,H-0193,C-06,F-01,2024-12-22
C-ID-0797,David,Osei,Grace Osei,2024-12-06,M,+233272673716,H-0193,C-06,F-02,2025-02-17
C-ID-0798,Grace,Smith,Mariam Smith,2025-02-25,F,+233231738712,H-0039,C-01,F-01,2025-03-10
C-ID-0799,Amina,Smith,Aisha Smith,2024-09-24,F,+233218060935,H-0038,C-01,F-01,2024-09-29
C-ID-0801,Sarah,Osei,Joy Osei,2024-03-06,F,+233239311339,H-0092,C-02,F-02,2024-03-16
C-ID-0802,Sarah,Osei,Joy Osei,2024-02-29,F,,H-0092,C-02,F-05,2024-04-23
C-ID-0803,Moussa,Sow,Sarah Sow,2026-05-27,M,+233219787090,H-0330,C-09,F-04,2026-05-29
C-ID-0805,John,Sow,Fatoumata Sow,2024-09-30,M,+233262523472,H-0001,C-01,F-01,2024-10-10
C-ID-0806,Esther,Smith,Aisha Smith,2026-03-16,F,+233282494849,H-0002,C-01,F-01,2026-03-20
C-ID-0807,Esther,Mensah,Elizabeth Mensah,2024-08-01,F,+233254753520,H-0002,C-01,F-01,2024-08-12
C-ID-0808,Amina,Mensah,Mariam Mensah,2024-09-09,F,+233220798726,H-0156,C-04,F-04,2024-09-23
C-ID-0809,Mary,Osei,Joy Osei,2026-05-18,F,+233261561575,H-0236,C-06,F-01,2026-05-29
C-ID-0810,Aisha,Mensah,Mariam Mensah,2023-11-14,F,+233221390049,H-0098,C-02,F-02,2023-11-29
C-ID-0811,Mary,Osei,Amina Osei,2025-07-07,F,+233213404379,H-0324,C-09,F-04,2025-07-19
C-ID-0813,Muhammad,Keita,Amina Keita,2024-09-14,M,+233215746469,H-0231,C-06,F-01,2024-09-21
C-ID-0814,Ibrahim,Johnson,Joy Johnson,2025-10-05,M,+233287758465,H-0061,C-02,F-02,2025-10-09
C-ID-0815,Emmanuel,Johnson,Amina Johnson,2023-12-15,M,+233292996496,H-0037,C-01,F-01,2023-12-16
C-ID-0819,Kofi,Diallo,Amina Diallo,2025-08-16,M,+233255030548,H-0062,C-02,F-02,2025-08-18
C-ID-0820,Fatoumata,Smith,Fatoumata Smith,2024-07-10,F,+233284277128,H-0062,C-02,F-02,2024-07-13
C-ID-0821,Samuel,Kamara,Fatoumata Kamara,2026-01-14,M,+233294851724,H-0225,C-06,F-01,2026-01-24
C-ID-0822,Muhammad,Johnson,Sarah Johnson,2026-07-24,M,+233210969588,H-0193,C-06,F-01,2026-07-27
C-ID-0823,Aisha,Johnson,Fatoumata Johnson,2025-06-10,F,+233229204927,H-0046,C-01,F-01,2025-06-21
C-ID-0825,Elizabeth,Mensah,Grace Mensah,2024-08-24,F,+233266208488,H-0368,C-10,F-04,2024-08-25
C-ID-0827,Ali,Mensah,Joy Mesnah,2026-01-31,M,+233293070162,H-0286,C-08,F-05,2026-04-20
C-ID-0828,Moussa,Diallo,Grace Diallo,2026-04-20,M,+233236000523,H-0390,C-10,F-04,2026-04-22
C-ID-0829,Moussa,Dalo,Grace Dialol,2026-04-12,M,+233243369182,H-0390,C-10,F-02,2026-07-05
C-ID-0830,Esther,Osei,Fatoumata Osei,2026-05-10,F,+233217251463,H-0077,C-02,F-02,2026-05-21
C-ID-0831,Mary,Smith,Grace Smith,2024-09-21,F,+233292788091,H-0187,C-06,F-01,2024-10-04
C-ID-0832,Amina,Mensah,Amina Mensah,2025-08-11,F,+233231212522,H-0389,C-10,F-04,2025-08-24
C-ID-0833,Joy,Mensah,Sarah Mensah,2025-04-12,F,+233269702849,H-0015,C-01,F-01,2025-04-22
C-ID-0836,Amina,Smith,Fatoumata Smith,2025-05-21,F,+233291796786,H-0242,C-07,F-02,2025-05-29
C-ID-0837,Mariam,Osei,Esther Osei,2025-07-05,F,+233294828438,H-0092,C-02,F-02,2025-07-11
C-ID-0839,Esther,Smith,Fatoumata Smith,2024-09-02,F,+233239508245,H-0057,C-01,F-01,2024-09-17
C-ID-0840,Samuel,Osei,Elizabeth Osei,2025-04-23,M,+233221606388,H-0152,C-04,F-04,2025-04-30
C-ID-0841,Mary,Toure,Esther Toure,2024-01-02,F,+233247469681,H-0268,C-07,F-02,2024-01-03
C-ID-0842,Mary,Diallo,Mariam Diallo,2024-02-29,F,+233287774748,H-0374,C-10,F-04,2024-03-04
C-ID-0844,John,Ali,Aisha Ali,2023-11-29,M,+233223153230,H-0376,C-10,F-04,2023-12-07
C-ID-0845,David,Ali,Amina Ali,2024-04-26,M,+233239260335,H-0254,C-07,F-02,2024-04-29
C-ID-0846,Mary,Mensah,Amina Mensah,2023-11-28,F,+233299796439,H-0184,C-06,F-01,2023-12-03
C-ID-0847,Elizabeth,Toure,Amina Toure,2024-01-18,F,+233272244899,H-0083,C-02,F-02,2024-01-31
C-ID-0848,Fatoumata,Keita,Esther Keita,2026-08-04,F,+233294195455,H-0071,C-02,F-02,2026-08-06
C-ID-0849,Faotumata,Keita,Esther Keita,2026-07-28,F,+233294195455,H-0071,C-02,F-05,2026-09-20
C-ID-0850,Joy,Kamara,Grace Kamara,2024-03-17,F,+233246210517,H-0198,C-06,F-01,2024-03-29
C-ID-0852,David,Toure,,2026-04-21,M,+233279086760,H-0314,C-08,F-02,2026-06-06
C-ID-0853,Amina,Mensah,Aisha Mensah,2024-07-19,F,+233272458605,H-0346,C-09,F-04,2024-07-29
C-ID-0854,Mariam,Osei,Joy Osei,2026-03-22,F,+233285263692,H-0021,C-01,F-01,2026-04-03
C-ID-0855,Emmanuel,Keita,Mary Keita,2025-12-17,M,+233297112459,H-0397,C-10,F-04,2025-12-25
C-ID-0856,Ali,Keita,Mariam Keita,2025-02-05,M,+233277587480,H-0378,C-10,F-04,2025-02-16
C-ID-0857,Amina,Mensah,Mariam Mensah,2024-08-29,F,+233270721529,H-0217,C-06,F-01,2024-09-06
C-ID-0858,Moussa,Ali,Joy Ali,2024-12-16,M,+233270663511,H-0257,C-07,F-02,2024-12-26
C-ID-0859,Ali,Johnson,Sarah Johnson,2026-02-23,M,+233262436517,H-0189,C-06,F-01,2026-03-10
C-ID-0860,Sarah,Mensah,Fatoumata Mensah,2025-01-18,F,+233225035684,H-0092,C-02,F-02,2025-01-30
C-ID-0861,Fatoumata,Diallo,Joy Diallo,2026-06-21,F,+233249348536,H-0076,C-02,F-02,2026-06-28
C-ID-0862,Moussa,Keita,Aisha Keita,2024-02-09,M,+233296528081,H-0350,C-09,F-04,2024-02-10
C-ID-0863,Moussa,Ketia,Aisha Keita,2024-01-25,M,,H-0350,C-09,F-02,2024-04-14
C-ID-0864,David,Kamara,Mary Kamara,2023-09-07,M,+233296526415,H-0150,C-04,F-04,2023-09-13
C-ID-0865,Davidi,Camara,Marie Kamara,2023-09-12,M,+233296526415,H-0150,C-04,F-02,2023-10-22
C-ID-0866,Mariam,Johnson,Elizabeth Johnson,2024-02-07,F,+233271472671,H-0211,C-06,F-01,2024-02-12
C-ID-0868,Kwame,Osei,Grace sOei,2025-05-08,M,,H-0291,C-08,F-01,2025-06-11
C-ID-0869,Emmanuel,Keita,Grace Keita,2024-01-16,M,+233232328873,H-0148,C-04,F-04,2024-01-26
C-ID-0870,Fatoumata,Osei,Fatoumata Osei,2025-09-10,F,+233241931112,H-0083,C-02,F-02,2025-09-12
C-ID-0871,Elizabeth,Osei,Esther Osei,2025-02-19,F,+233259616555,H-0022,C-01,F-01,2025-02-22
C-ID-0873,Sarah,Kamara,Aisha Kamara,2023-10-19,F,+233229513094,H-0084,C-02,F-02,2023-10-27
C-ID-0874,Muhammad,Ali,Joy Ali,2024-09-27,M,+233296871612,H-0164,C-04,F-04,2024-10-09
C-ID-0875,Grace,Toure,Fatoumata Toure,2024-02-13,F,+233255457454,H-0152,C-04,F-04,2024-02-25
C-ID-0876,Grace,Toure,Fatoumata Toure,2024-01-30,F,+233255457454,H-0152,C-04,F-02,2024-04-18
C-ID-0877,Amina,Osei,Joy Osei,2025-12-10,F,+233251350093,H-0058,C-01,F-01,2025-12-11
C-ID-0878,Moussa,Keita,Sarah Keita,2024-10-07,M,+233217386489,H-0206,C-06,F-01,2024-10-17
C-ID-0879,Samuel,Ali,Mary Ali,2025-01-14,M,+233236268513,H-0329,C-09,F-04,2025-01-15
C-ID-0880,Sarah,Ali,Aisha Ali,2025-07-04,F,+233275829146,H-0043,C-01,F-01,2025-07-10
C-ID-0882,Kwame,Keita,Mariam Keita,2024-11-14,M,+233269804203,H-0191,C-06,F-01,2024-11-28
C-ID-0884,Ali,Johnson,Aisha Johnson,2024-02-12,M,,H-0288,C-08,F-02,2024-04-27
C-ID-0885,Aisha,Osei,Elizabeth Osei,2026-02-11,F,+233229278938,H-0373,C-10,F-04,2026-02-15
C-ID-0886,Joy,Keita,Sarah Keita,2024-06-28,F,+233221871327,H-0156,C-04,F-04,2024-06-29
C-ID-0887,Aisha,Osei,Joy Osei,2024-01-03,F,+233286224438,H-0210,C-06,F-01,2024-01-16
C-ID-0888,Emmanuel,Smith,Grace Smith,2023-11-06,M,+233215668405,H-0071,C-02,F-02,2023-11-20
C-ID-0889,Emmnauel,Smith,Grace Smith,2023-11-20,M,+233215668405,H-0071,C-02,F-04,2024-01-04
C-ID-0890,Esther,Ali,Esther Ali,2025-05-04,F,+233213602405,H-0155,C-04,F-04,2025-05-17
C-ID-0891,Kwame,Sow,Esther Sow,2025-11-25,M,+233297753291,H-0002,C-01,F-01,2025-12-06
C-ID-0892,Kwame,Sow,Esther oSw,2025-11-12,M,+233297753291,H-0002,C-01,F-04,2026-02-19
C-ID-0893,Fatoumata,Johnson,Mary Johnson,2026-06-09,F,+233226019511,H-0148,C-04,F-04,2026-06-22
C-ID-0894,Sarah,Toure,Mariam Toure,2023-11-26,F,+233285910136,H-0142,C-04,F-04,2023-12-03
C-ID-0897,Mariam,Smith,Mariam Smith,2026-04-29,F,+233248903840,H-0028,C-01,F-01,2026-05-04
C-ID-0898,Ibrahim,Diallo,Fatoumata Diallo,2026-01-25,M,+233290364540,H-0272,C-07,F-02,2026-02-07
C-ID-0899,Mariam,Sow,Grace Sow,2024-07-25,F,+233222862542,H-0086,C-02,F-02,2024-08-03
C-ID-0901,Mariam,Osei,Sarah Osei,2025-05-17,F,+233230744009,H-0249,C-07,F-02,2025-05-26
C-ID-0903,Emmanuel,Kamara,Esther Kamara,2024-08-23,M,+233251818682,H-0040,C-01,F-01,2024-09-04
C-ID-0904,Moussa,Toure,Joy Toure,2024-09-05,M,+233233113253,H-0186,C-06,F-01,2024-09-17
C-ID-0905,David,Diallo,Fatoumata Diallo,2025-10-19,M,+233240410305,H-0156,C-04,F-04,2025-10-24
C-ID-0906,Emmanuel,Mensah,Aisha Mensah,2025-12-21,M,+233220433455,H-0065,C-02,F-02,2025-12-22
C-ID-0907,Aisha,Kamara,Mary Kamara,2025-12-29,F,+233214401363,H-0397,C-10,F-04,2026-01-11
C-ID-0908,Moussa,Mensah,Grace Mensah,2026-05-10,M,+233218891570,H-0338,C-09,F-04,2026-05-15
C-ID-0909,David,Mensah,Elizabeth Mensah,2025-06-12,M,+233288866745,H-0342,C-09,F-04,2025-06-27
C-ID-0910,Kofi,Kamara,Sarah Kamara,2025-10-12,M,+233247228730,H-0103,C-02,F-02,2025-10-22
C-ID-0911,Fatoumata,Ali,Elizabeth Ali,2025-03-29,F,+233277767769,H-0179,C-06,F-01,2025-04-08
C-ID-0912,Samuel,Kamara,Joy Kamara,2025-05-19,M,+233235709072,H-0035,C-01,F-01,2025-05-24
C-ID-0913,David,Diallo,Joy Diallo,2023-12-08,M,+233259185834,H-0088,C-02,F-02,2023-12-20
C-ID-0915,Moussa,Mensah,,2024-07-28,M,+233260951070,H-0302,C-08,F-02,2024-10-04
C-ID-0917,John,Mensah,Mariam Mensah,2025-12-04,M,+233272532267,H-0110,C-03,F-01,2026-01-29
C-ID-0918,Moussa,Keita,Grace Keita,2026-05-15,M,+233221039132,H-0267,C-07,F-02,2026-05-21
C-ID-0920,John,Sow,Esther Sow,2024-11-06,M,+233269586748,H-0253,C-07,F-02,2024-11-10
C-ID-0923,Muhammad,Johnson,Sarah Johnson,2024-05-17,M,+233268795196,H-0189,C-06,F-01,2024-05-26
C-ID-0924,David,Osei,Aisha Osei,2024-05-08,M,+233289263249,H-0338,C-09,F-04,2024-05-10
C-ID-0925,David,Keita,Mary Keita,2024-09-12,M,+233236878911,H-0380,C-10,F-04,2024-09-22
C-ID-0926,Ali,Smith,Esther Smith,2025-01-13,M,+233288103795,H-0207,C-06,F-01,2025-01-23
C-ID-0928,Moussa,Mensah,Sarah Mensah,2025-03-11,M,+233275678288,H-0143,C-04,F-04,2025-03-19
C-ID-0930,Muhammad,Mesnah,Amina Mensah,2026-03-29,M,,H-0119,C-03,F-01,2026-05-08
C-ID-0931,John,Toure,Mariam Toure,2025-09-28,M,+233250634767,H-0014,C-01,F-01,2025-10-08
C-ID-0932,David,Ali,Esther Ali,2023-12-26,M,+233237102821,H-0320,C-09,F-04,2023-12-31
C-ID-0933,Esther,Ali,Grace Ali,2024-09-02,F,+233282548572,H-0339,C-09,F-04,2024-09-11
C-ID-0934,John,Mensah,Aisha Mensah,2024-01-28,M,+233252219420,H-0010,C-01,F-01,2024-02-11
C-ID-0935,John,Mensah,Aihsa Mensah,2024-02-03,M,+233233714848,H-0010,C-01,F-04,2024-03-30
C-ID-0936,Esther,Kamara,Amina Kamara,2025-08-09,F,+233284714519,H-0193,C-06,F-01,2025-08-20
C-ID-0937,Moussa,Smith,Fatoumata Smith,2024-11-05,M,+233262221499,H-0156,C-04,F-04,2024-11-13
C-ID-0938,Moussa,Smith,Fatima Smith,2024-10-28,M,+233262221499,H-0156,C-04,F-01,2024-12-20
C-ID-0939,Samuel,Johnson,Joy Johnson,2023-12-18,M,+233273875700,H-0392,C-10,F-04,2023-12-27
C-ID-0940,John,Sow,Esther Sow,2024-06-24,M,+233292804241,H-0081,C-02,F-02,2024-07-05
C-ID-0941,Mariam,Kamara,Amina Kamara,2026-05-06,F,+233227206452,H-0181,C-06,F-01,2026-05-20
C-ID-0942,Elizabeth,Kamara,Mariam Kamara,2024-06-18,F,+233223066102,H-0188,C-06,F-01,2024-06-25
C-ID-0943,Aisha,Keita,Amina Keita,2025-03-24,F,+233243234179,H-0177,C-05,F-05,2025-03-28
C-ID-0944,Elizabeth,Mensah,Sarah Mensah,2024-11-20,F,+233225364077,H-0332,C-09,F-04,2024-11-26
C-ID-0945,Ibrahim,Keita,Amina Keita,2024-01-06,M,+233298284097,H-0087,C-02,F-02,2024-01-20
C-ID-0946,Grace,Kamara,Esther Kamara,2026-06-22,F,+233252481834,H-0217,C-06,F-01,2026-06-29
C-ID-0948,Kofi,Johnson,Joy Johnson,2024-09-10,M,+233232364326,H-0346,C-09,F-04,2024-09-20
C-ID-0949,Aisha,Diallo,Esther Diallo,2026-03-05,F,+233281918425,H-0154,C-04,F-04,2026-03-09
C-ID-0950,Aisha,Diallo,Esther Diallo,2026-03-02,F,+233281918425,H-0154,C-04,F-05,2026-04-23
C-ID-0951,Amina,Sow,Elizabeth Sow,2024-05-05,F,+233240317902,H-0148,C-04,F-04,2024-05-15
C-ID-0952,Samuel,Mensah,Elizabeth Mensah,2024-09-16,M,+233246690420,H-0381,C-10,F-04,2024-09-18
C-ID-0954,Asiha,Daillo,,2026-02-24,F,+233297447790,H-0291,C-08,F-04,2026-04-20
C-ID-0955,Aisha,Ali,Mariam Ali,2025-06-23,F,+233265608317,H-0155,C-04,F-04,2025-06-30
C-ID-0956,Aisha,Ali,Mariam Ali,2025-07-02,F,+233265608317,H-0155,C-04,F-01,2025-08-11
C-ID-0958,Joy,Osei,Amina Osei,2023-09-10,F,,H-0129,C-03,F-02,2023-10-25
C-ID-0959,Moussa,Sow,Joy Sow,2024-03-01,M,+233285982862,H-0256,C-07,F-02,2024-03-13
C-ID-0960,Ibrahim,Diallo,Mariam Diallo,2024-01-02,M,+233229829822,H-0321,C-09,F-04,2024-01-06
C-ID-0961,Aisha,Smith,Mariam Smith,2026-03-28,F,+233295084307,H-0078,C-02,F-02,2026-04-01
C-ID-0962,Grace,Osei,Grace Osei,2025-04-10,F,+233264474404,H-0212,C-06,F-01,2025-04-14
C-ID-0963,Ali,Kamara,Mary Kamara,2024-11-09,M,+233272298460,H-0059,C-01,F-01,2024-11-17
C-ID-0965,Grace,Ali,Fatoumata Ali,2026-05-12,F,+233275208604,H-0015,C-01,F-01,2026-05-25
C-ID-0966,David,Keita,Elizabeth Keita,2024-12-04,M,+233218533790,H-0011,C-01,F-01,2024-12-19
C-ID-0967,Sarah,Smith,Fatoumata Smith,2025-04-10,F,+233225023307,H-0209,C-06,F-01,2025-04-20
C-ID-0968,Ibrahim,Toure,Joy Toure,2025-03-09,M,+233276632538,H-0377,C-10,F-04,2025-03-24
C-ID-0969,Samuel,Mensah,Mariam Mensah,2024-10-01,M,+233288426937,H-0047,C-01,F-01,2024-10-13
C-ID-0970,John,Diallo,Fatoumata Diallo,2025-12-31,M,+233233508806,H-0200,C-06,F-01,2026-01-04
C-ID-0971,John,Dalo,Fatoumata Diallo,2026-01-14,M,+233247047110,H-0200,C-06,F-02,2026-02-09
C-ID-0972,Aisha,Sow,Elizabeth Sow,2026-04-14,F,+233275814814,H-0141,C-04,F-04,2026-04-23
C-ID-0973,Kofi,Ali,Aisha Ali,2023-12-08,M,+233243064092,H-0192,C-06,F-01,2023-12-13
C-ID-0974,Kofi,Ali,Aisha Ali,2023-12-06,M,,H-0192,C-06,F-02,2024-02-26
C-ID-0975,Esther,Keita,Grace Keita,2026-06-24,F,+233296623797,H-0075,C-02,F-02,2026-07-09
C-ID-0977,Sarah,Ali,Mary Ali,2024-02-12,F,+233262139697,H-0359,C-10,F-04,2024-02-13
C-ID-0978,Grace,Mensah,Mary Mensah,2024-12-05,F,+233238237596,H-0202,C-06,F-01,2024-12-19
C-ID-0979,Mariam,Smith,Amina Smith,2025-01-22,F,+233220750109,H-0083,C-02,F-02,2025-02-05
C-ID-0980,Aisha,Keita,Aisha Keita,2026-01-13,F,+233231520919,H-0252,C-07,F-02,2026-01-25
C-ID-0982,Kofi,Smith,Elizabeth Smith,2024-10-15,M,+233270835762,H-0134,C-03,F-02,2024-11-23
C-ID-0983,Emmanuel,Johnson,Fatoumata Johnson,2026-07-31,M,+233263775923,H-0015,C-01,F-01,2026-08-04
C-ID-0984,Mariam,Toure,Sarah Toure,2025-12-23,F,+233231182569,H-0322,C-09,F-04,2025-12-27
C-ID-0985,Samuel,Smith,Mariam Smith,2024-01-25,M,+233274205127,H-0265,C-07,F-02,2024-02-08
C-ID-0986,Kwame,Osei,Elizabeth Osei,2024-10-05,M,+233247822197,H-0377,C-10,F-04,2024-10-09
C-ID-0987,Mariam,Osei,Aisha Osei,2024-06-25,F,+233286556525,H-0044,C-01,F-01,2024-06-29
C-ID-0988,Ibrahim,Toure,Mary Toure,2026-02-05,M,+233272065617,H-0011,C-01,F-01,2026-02-09
C-ID-0990,Kofi,Osei,Elizabeth Osei,2025-12-09,M,+233211894470,H-0077,C-02,F-02,2025-12-21
C-ID-0991,Esther,Johnson,Sarah Johnson,2025-05-04,F,+233237265709,H-0270,C-07,F-02,2025-05-08
C-ID-0994,Mary,Toure,Esther Toure,2025-03-16,F,+233259611937,H-0149,C-04,F-04,2025-03-26
C-ID-0995,Sarah,Kamara,Esther Kamara,2025-11-07,F,+233253385340,H-0351,C-09,F-04,2025-11-19
C-ID-0996,Sarah,Kamara,,2025-11-12,F,+233253385340,H-0351,C-09,F-02,2026-01-04
C-ID-0997,John,Smith,Elizabeth Smith,2025-02-28,M,+233219805359,H-0204,C-06,F-01,2025-03-02
C-ID-0999,Muhammad,Sow,Joy Sow,2024-06-17,M,+233250601849,H-0344,C-09,F-04,2024-06-24
C-ID-1000,Muhammad,Sow,,2024-06-28,M,,H-0344,C-09,F-02,2024-07-29
C-ID-1001,Fatoumata,Ali,Amina Ali,2025-08-04,F,+233244935754,H-0344,C-09,F-04,2025-08-07
C-ID-1002,Fatomuata,Ali,Amina Ali,2025-08-11,F,,H-0344,C-09,F-02,2025-09-27
C-ID-1003,Mariam,Johnson,Fatoumata Johnson,2026-02-04,F,+233252589618,H-0258,C-07,F-02,2026-02-16
C-ID-1004,Fatoumata,Sow,Sarah Sow,2024-11-03,F,+233215927344,H-0272,C-07,F-02,2024-11-06
C-ID-1005,Fatoumata,Sow,Sarah Sow,2024-10-23,F,+233215927344,H-0272,C-07,F-05,2024-12-20
C-ID-1006,Mariam,Smith,Grace Smith,2025-02-13,F,+233292266282,H-0256,C-07,F-02,2025-02-27
C-ID-1007,Joy,Keita,Aisha Keita,2025-09-03,F,+233252351453,H-0390,C-10,F-04,2025-09-15
C-ID-1008,Ibrahim,Johnson,Amina Johnson,2025-07-16,M,+233229947547,H-0252,C-07,F-02,2025-07-17
C-ID-1010,Amina,Johnson,Mariam Johnson,2023-11-17,F,+233271439467,H-0060,C-01,F-01,2023-11-25
C-ID-1011,David,Keita,Sarah Keita,2025-06-15,M,+233248133464,H-0058,C-01,F-01,2025-06-18
C-ID-1012,Elizabeth,Toure,Mary Toure,2026-07-29,F,+233280600592,H-0087,C-02,F-02,2026-08-11
C-ID-1014,Kwame,Mensah,Aisha Mensah,2024-07-02,M,+233289233891,H-0169,C-04,F-04,2024-07-17
C-ID-1015,Fatoumata,Kamara,Sarah Kamara,2024-01-07,F,+233298521869,H-0055,C-01,F-01,2024-01-15
C-ID-1016,Elizabeth,Kamara,Mariam Kamara,2026-05-09,F,+233298070016,H-0233,C-06,F-01,2026-05-19
C-ID-1018,Elizabeth,Osei,Mary Osei,2026-04-29,F,+233296388439,H-0232,C-06,F-01,2026-05-04
C-ID-1019,David,Ali,Elizabeth Ali,2024-06-16,M,+233222421986,H-0166,C-04,F-04,2024-06-23
C-ID-1020,David,Ali,,2024-06-15,M,+233222421986,H-0166,C-04,F-01,2024-08-23
C-ID-1022,Grace,Osei,Sarah Osei,2024-12-03,F,+233275880113,H-0199,C-06,F-01,2024-12-16
C-ID-1024,Elizabeth,Osei,Mariam Osei,2026-01-22,F,+233259319220,H-0222,C-06,F-01,2026-01-31
C-ID-1025,Esther,Smith,Esther Smith,2025-02-03,F,+233285572241,H-0103,C-02,F-02,2025-02-13
C-ID-1026,Esther,Smith,,2025-01-31,F,+233285572241,H-0103,C-02,F-01,2025-04-28
C-ID-1027,John,Keita,Elizabeth Keita,2025-07-21,M,+233268264710,H-0217,C-06,F-01,2025-08-01
C-ID-1028,Muhammad,Ali,Mariam Ali,2023-12-31,M,+233240095669,H-0219,C-06,F-01,2024-01-11
C-ID-1029,Moussa,Ali,Joy Ali,2026-02-16,M,+233249017499,H-0352,C-09,F-04,2026-02-24
C-ID-1030,Moussa,Sow,Fatoumata Sow,2025-11-18,M,+233250320166,H-0224,C-06,F-01,2025-12-02
C-ID-1032,Grace,Toure,Aminat Toure,2026-03-15,F,,H-0128,C-03,F-01,2026-04-27
C-ID-1033,Aisha,Mensah,Esther Mensah,2025-03-06,F,+233257708716,H-0056,C-01,F-01,2025-03-11
C-ID-1035,Amina,Mensah,Aisha Mensah,2024-12-05,F,+233252137166,H-0094,C-02,F-02,2024-12-15
C-ID-1036,Esther,Toure,Grace Toure,2024-09-06,F,+233235124449,H-0371,C-10,F-04,2024-09-10
C-ID-1037,Samuel,Sow,Sarah Sow,2024-03-01,M,+233281722733,H-0095,C-02,F-02,2024-03-02
C-ID-1038,Sarah,Kamara,Fatoumata Kamara,2023-12-03,F,+233271762034,H-0003,C-01,F-01,2023-12-15
C-ID-1039,Grace,Toure,Elizabeth Toure,2024-07-29,F,+233263015631,H-0208,C-06,F-01,2024-08-11
C-ID-1040,Emmanuel,Osei,Amina Osei,2025-07-12,M,+233225020641,H-0155,C-04,F-04,2025-07-26
C-ID-1041,Muhammad,Diallo,Esther Diallo,2025-10-13,M,+233297206603,H-0009,C-01,F-01,2025-10-17
C-ID-1042,David,Sow,Esther Sow,2025-10-07,M,+233273617738,H-0224,C-06,F-01,2025-10-14
C-ID-1043,Emmanuel,Osei,Esther Osei,2023-11-17,M,+233273282209,H-0012,C-01,F-01,2023-11-18
C-ID-1044,Ali,Sow,Elizabeth Sow,2024-05-26,M,+233216834659,H-0231,C-06,F-01,2024-06-01
C-ID-1045,John,Smith,Esther Smith,2024-12-19,M,+233214968366,H-0005,C-01,F-01,2024-12-27
C-ID-1046,Joy,Toure,Elizabeth Toure,2023-11-11,F,+233241125867,H-0205,C-06,F-01,2023-11-23
C-ID-1047,John,Toure,Mariam Toure,2026-03-29,M,+233245950066,H-0032,C-01,F-01,2026-04-13
C-ID-1048,Esther,Mensah,Esther Mensah,2024-08-26,F,+233270173215,H-0332,C-09,F-04,2024-09-07
C-ID-1049,Emmanuel,Sow,Mary Sow,2023-12-19,M,+233256150415,H-0224,C-06,F-01,2023-12-27
C-ID-1051,Aisha,Keita,Esther Keita,2025-09-09,F,+233293462271,H-0151,C-04,F-04,2025-09-13
C-ID-1052,Aisha,Keita,Esther eKita,2025-09-01,F,+233285593067,H-0151,C-04,F-05,2025-10-22
C-ID-1053,Moussa,Osei,Fatoumata Osei,2025-06-24,M,+233230980122,H-0145,C-04,F-04,2025-07-04
C-ID-1055,John,Johnson,Grace Johnson,2025-04-13,M,+233238109613,H-0252,C-07,F-02,2025-04-22
C-ID-1056,Kofi,Sow,Mariam Sow,2025-09-16,M,+233233449822,H-0025,C-01,F-01,2025-09-30
C-ID-1057,David,Keita,Aisha Keita,2025-12-16,M,+233292887892,H-0258,C-07,F-02,2025-12-20
C-ID-1059,Moussa,Sow,Mariam Sow,2024-08-09,M,+233216264794,H-0062,C-02,F-02,2024-08-22
C-ID-1060,Moussa,Sow,,2024-08-22,M,+233216264794,H-0062,C-02,F-04,2024-10-04
C-ID-1062,Sarah,Mensah,Elizabeth Mensah,2026-01-10,F,+233285493830,H-0225,C-06,F-01,2026-01-11
C-ID-1063,Emmanuel,Mensah,Mary Mensah,2024-07-27,M,+233231076551,H-0260,C-07,F-02,2024-08-08
C-ID-1064,Manuel,Mensah,MaryM ensah,2024-07-22,M,,H-0260,C-07,F-01,2024-09-19
C-ID-1065,Joy,Johnson,Sarah Johnson,2025-09-25,F,+233296851348,H-0150,C-04,F-04,2025-10-01
C-ID-1066,David,Diallo,Esther Diallo,2024-04-07,M,+233210884169,H-0172,C-04,F-04,2024-04-11
C-ID-1067,Grace,Ali,Fatoumata Ali,2026-02-13,F,+233245704013,H-0243,C-07,F-02,2026-02-19
C-ID-1068,Mariam,Diallo,Fatoumata Diallo,2024-03-26,F,+233240626070,H-0367,C-10,F-04,2024-03-29
C-ID-1069,Aisha,Johnson,Joy Johnson,2024-07-27,F,+233213994712,H-0220,C-06,F-01,2024-08-04
C-ID-1071,Ibrahim,Mensah,Sarah Mensah,2024-09-13,M,+233252252354,H-0075,C-02,F-02,2024-09-20
C-ID-1072,Ibrahim,Mensah,Sraah Mensah,2024-09-10,M,,H-0075,C-02,F-04,2024-12-03
C-ID-1073,John,Kamara,Aisha Kamara,2026-05-23,M,+233298607345,H-0396,C-10,F-04,2026-06-07
C-ID-1074,John,Kamara,Aisha Kaamra,2026-05-10,M,+233259979600,H-0396,C-10,F-02,2026-08-17
C-ID-1075,Samuel,Kamara,Joy Kamara,2024-12-09,M,+233266278204,H-0329,C-09,F-04,2024-12-16
C-ID-1076,Mariam,Keita,Amina Keita,2025-01-11,F,+233280839007,H-0349,C-09,F-04,2025-01-21
C-ID-1077,Esther,Diallo,Joy Diallo,2024-02-13,F,+233256338752,H-0076,C-02,F-02,2024-02-28
C-ID-1078,Mary,Sow,Sarah Sow,2026-05-23,F,+233282133102,H-0333,C-09,F-04,2026-05-29
C-ID-1079,Mary,Sow,Sarah Sow,2026-06-04,F,,H-0333,C-09,F-01,2026-07-14
C-ID-1080,Ibrahim,Ali,Grace Ali,2025-05-26,M,+233222458031,H-0200,C-06,F-01,2025-06-04
C-ID-1081,Joy,Keita,Fatoumata Keita,2026-06-20,F,+233213743496,H-0283,C-07,F-02,2026-07-05
C-ID-1082,Joy,Keiat,Fatima Keita,2026-07-01,F,,H-0283,C-07,F-05,2026-08-30
C-ID-1083,Mary,Sow,Aisha Sow,2023-10-07,F,+233224823261,H-0277,C-07,F-02,2023-10-19
C-ID-1084,Grace,Ali,Mariam Ali,2025-11-26,F,+233216406597,H-0031,C-01,F-01,2025-12-09
C-ID-1085,Moussa,Sow,Elizabeth Sow,2026-07-27,M,+233270820382,H-0334,C-09,F-04,2026-08-02
C-ID-1087,David,Keita,Joy Keita,2025-07-08,M,+233258488507,H-0378,C-10,F-04,2025-07-16
C-ID-1088,John,Smith,Sarah Smith,2026-01-30,M,+233218347493,H-0051,C-01,F-01,2026-02-06
C-ID-1089,Mary,Johnson,Sarah Johnson,2024-07-11,F,+233280632831,H-0067,C-02,F-02,2024-07-18
C-ID-1091,Fatoumata,Osei,Joy Osei,2025-11-19,F,+233275063976,H-0251,C-07,F-02,2025-12-01
C-ID-1092,Ibrahim,Ali,Sarah Ali,2025-05-28,M,+233271127098,H-0235,C-06,F-01,2025-06-05
C-ID-1093,Ibrahim,Keita,Sarah Keita,2024-04-22,M,+233224809069,H-0017,C-01,F-01,2024-04-24
C-ID-1094,Amina,Ali,Fatoumata Ali,2025-12-08,F,+233259857504,H-0190,C-06,F-01,2025-12-13
C-ID-1095,Amina,Ali,Fatima Ali,2025-12-02,F,+233259857504,H-0190,C-06,F-04,2026-03-05
C-ID-1096,Grace,Johnson,Amina Johnson,2025-10-18,F,+233229077681,H-0192,C-06,F-01,2025-10-31
C-ID-1098,Aminat,Sow,Grace Sow,2025-05-12,F,+233234572196,H-0302,C-08,F-05,2025-07-12
C-ID-1099,Amina,Mensah,Joy Mensah,2024-08-22,F,+233219068358,H-0379,C-10,F-04,2024-09-05
C-ID-1100,Esther,Toure,Grace Toure,2024-01-23,F,+233255341868,H-0023,C-01,F-01,2024-02-05
C-ID-1101,Elizabeth,Osei,Fatoumata Osei,2023-10-08,F,+233295424250,H-0194,C-06,F-01,2023-10-16
C-ID-1102,Esther,Osei,Mariam Osei,2026-02-05,F,+233293855267,H-0390,C-10,F-04,2026-02-16
C-ID-1103,Esther,Osei,Mariam Osei,2026-02-01,F,+233293855267,H-0390,C-10,F-05,2026-04-04
C-ID-1104,Aisha,Diallo,Aisha Diallo,2024-09-11,F,+233282611046,H-0320,C-09,F-04,2024-09-12
C-ID-1105,Grace,Mensah,Fatoumata Mensah,2026-06-17,F,+233286771841,H-0344,C-09,F-04,2026-06-28
C-ID-1106,Joy,Mensah,Joy Mensah,2026-02-13,F,+233235827078,H-0396,C-10,F-04,2026-02-23
C-ID-1107,Samuel,Ali,Mary Ali,2023-12-06,M,+233277463037,H-0278,C-07,F-02,2023-12-21
C-ID-1108,Ibrahim,Osei,Amina Osei,2025-01-20,M,+233237622679,H-0010,C-01,F-01,2025-01-24
C-ID-1109,Sarah,Ali,Elizabeth Ali,2024-10-19,F,+233263928396,H-0362,C-10,F-04,2024-10-29
C-ID-1110,Amina,Keita,Aisha Keita,2025-08-02,F,+233265691824,H-0024,C-01,F-01,2025-08-03
C-ID-1111,Aisha,Sow,Sarah Sow,2025-12-15,F,+233223332334,H-0271,C-07,F-02,2025-12-24
C-ID-1112,Fatoumata,Osei,Grace Osei,2026-02-04,F,+233230700047,H-0087,C-02,F-02,2026-02-09
C-ID-1113,Muhammad,Toure,Mariam Toure,2025-07-31,M,+233213646855,H-0209,C-06,F-01,2025-08-12
C-ID-1114,Aisha,Mensah,Mariam Mensah,2025-10-19,F,+233265408139,H-0030,C-01,F-01,2025-11-03
C-ID-1115,Aisha,Mensah,Amina Mensah,2025-06-18,F,+233242161649,H-0166,C-04,F-04,2025-07-01
C-ID-1117,Esther,Ali,Aisha Ali,2026-03-25,F,+233274984400,H-0032,C-01,F-01,2026-03-26
C-ID-1118,Esther,Ali,Aisah Ali,2026-04-07,F,+233253995738,H-0032,C-01,F-04,2026-05-10
C-ID-1119,Muhammad,Sow,Joy Sow,2026-01-11,M,+233243059986,H-0209,C-06,F-01,2026-01-24
C-ID-1121,Emmanuel,Keita,Joy Keita,2025-08-27,M,+233242905017,H-0326,C-09,F-04,2025-09-05
C-ID-1122,Amina,Kamara,Esther Kamara,2024-12-22,F,+233297652074,H-0217,C-06,F-01,2024-12-25
C-ID-1123,Moussa,Sow,Elizabeth Sow,2025-03-11,M,+233261023340,H-0001,C-01,F-01,2025-03-17
C-ID-1124,Samuel,Ali,Grace Ali,2026-05-05,M,+233231664929,H-0324,C-09,F-04,2026-05-17
C-ID-1125,Kwame,Mensah,Aisha Mensah,2025-11-28,M,+233228743541,H-0274,C-07,F-02,2025-12-10
C-ID-1127,Grace,Johnson,Grace Johnson,2025-03-21,F,+233298889317,H-0350,C-09,F-04,2025-03-27
C-ID-1128,Moussa,Toure,Mariam Toure,2026-07-05,M,+233227948365,H-0175,C-04,F-04,2026-07-16
C-ID-1129,Amina,Kamara,Fatoumata Kamara,2024-04-12,F,+233284596958,H-0002,C-01,F-01,2024-04-27
C-ID-1130,Aisha,Ali,Sarah Ali,2026-03-01,F,+233282296289,H-0357,C-09,F-04,2026-03-02
C-ID-1131,Sarah,Keita,Aisha Keita,2024-08-03,F,+233261908845,H-0344,C-09,F-04,2024-08-06
C-ID-1132,David,Johnson,Mariam Johnson,2025-07-07,M,+233269670203,H-0394,C-10,F-04,2025-07-08
C-ID-1134,Ali,Johnson,Mariam Johnson,2026-05-23,M,+233247682480,H-0156,C-04,F-04,2026-05-31
C-ID-1135,Muhammad,Diallo,Aisha Diallo,2025-12-22,M,+233247224958,H-0361,C-10,F-04,2026-01-01
C-ID-1136,Fatoumata,Ali,Mary Ali,2025-08-12,F,+233218772554,H-0257,C-07,F-02,2025-08-22
C-ID-1137,Emmanuel,Sow,Elizabeth Sow,2025-04-27,M,+233280206603,H-0066,C-02,F-02,2025-05-09
C-ID-1138,Muhammad,Ali,Elizabeth Ali,2025-03-07,M,+233285177493,H-0141,C-04,F-04,2025-03-22
C-ID-1139,John,Kamara,Mariam Kamara,2024-03-04,M,+233264609958,H-0233,C-06,F-01,2024-03-09
C-ID-1140,Esther,Keita,Joy Keita,2026-05-09,F,+233240138350,H-0063,C-02,F-02,2026-05-10
C-ID-1141,Joy,Johnson,Mariam Johnson,2026-07-27,F,+233262594409,H-0143,C-04,F-04,2026-07-31
C-ID-1142,Samuel,Kamara,Mary Kamara,2024-03-22,M,+233219991216,H-0172,C-04,F-04,2024-04-06
C-ID-1144,Moussa,Smith,Amina Smith,2024-09-21,M,+233243609390,H-0050,C-01,F-01,2024-09-25
C-ID-1145,Emmanuel,Ali,Fatoumata Ali,2024-07-21,M,+233234566728,H-0062,C-02,F-02,2024-07-31
C-ID-1146,Esther,Ali,Fatoumata Ali,2024-07-21,F,+233234566728,H-0062,C-02,F-02,2024-07-31
C-ID-1149,Kofi,Keita,Mary Keita,2024-07-08,M,+233277428484,H-0221,C-06,F-01,2024-07-18
C-ID-1150,Amina,Keita,Mary Keita,2025-07-03,F,+233277428484,H-0221,C-06,F-01,2025-07-13
C-ID-1151,Ali,Johnson,Mary Johnson,2025-01-01,M,+233286858591,H-0199,C-06,F-01,2025-01-11
C-ID-1152,Fatoumata,Johnson,Mary Johnson,2025-01-01,F,+233286858591,H-0199,C-06,F-01,2025-01-11
C-ID-1153,Moussa,Ali,Elizabeth Ali,2024-07-10,M,+233277607486,H-0357,C-09,F-04,2024-07-20
C-ID-1154,Amina,Ali,Elizabeth Ali,2025-07-05,F,+233277607486,H-0357,C-09,F-04,2025-07-15
C-ID-1155,Kwame,Keita,Mariam Keita,2024-08-23,M,+233212940347,H-0380,C-10,F-04,2024-09-02
C-ID-1156,Fatoumata,Keita,Mariam Keita,2025-08-18,F,+233212940347,H-0380,C-10,F-04,2025-08-28
C-ID-1157,Ibrahim,Johnson,Amina Johnson,2024-09-04,M,+233245213597,H-0061,C-02,F-02,2024-09-14
C-ID-1158,Sarah,Johnson,Amina Johnson,2024-09-04,F,+233245213597,H-0061,C-02,F-02,2024-09-14
C-ID-1159,John,Smith,Esther Smith,2025-01-05,M,+233213991574,H-0280,C-07,F-02,2025-01-15
C-ID-1160,Amina,Smith,Esther Smith,2025-01-05,F,+233213991574,H-0280,C-07,F-02,2025-01-15
C-ID-1161,Muhammad,Mensah,Aisha Mensah,2024-10-10,M,+233231858604,H-0391,C-10,F-04,2024-10-20
C-ID-1162,Elizabeth,Mensah,Aisha Mensah,2024-10-10,F,+233231858604,H-0391,C-10,F-04,2024-10-20
C-ID-1165,Kofi,Mensah,Joy Mensah,2024-12-30,M,+233230658585,H-0252,C-07,F-02,2025-01-09
C-ID-1166,Mary,Mensah,Joy Mensah,2025-12-25,F,+233230658585,H-0252,C-07,F-02,2026-01-04
C-ID-1167,Muhammad,Diallo,Esther Diallo,2024-12-10,M,+233222138251,H-0396,C-10,F-04,2024-12-20
C-ID-1168,Grace,Diallo,Esther Diallo,2025-12-05,F,+233222138251,H-0396,C-10,F-04,2025-12-15
C-ID-1171,David,Toure,Joy Toure,2025-04-03,M,+233299237139,H-0368,C-10,F-04,2025-04-13
C-ID-1172,Mary,Toure,Joy Toure,2026-03-29,F,+233299237139,H-0368,C-10,F-04,2026-04-08
C-ID-1173,Kwame,Sow,Elizabeth Sow,2025-06-05,M,+233212587407,H-0168,C-04,F-04,2025-06-15
C-ID-1174,Elizabeth,Sow,Elizabeth Sow,2025-06-05,F,+233212587407,H-0168,C-04,F-04,2025-06-15
C-ID-1177,Kofi,Ali,Esther Ali,2025-07-31,M,+233235481359,H-0175,C-04,F-04,2025-08-10
C-ID-1178,Elizabeth,Ali,Esther Ali,2025-07-31,F,+233235481359,H-0175,C-04,F-04,2025-08-10
C-ID-1179,Ibrahim,Osei,Grace Osei,2024-10-18,M,+233241138547,H-0272,C-07,F-02,2024-10-28
C-ID-1180,Grace,Osei,Grace Osei,2025-10-13,F,+233241138547,H-0272,C-07,F-02,2025-10-23
C-ID-1181,David,Diallo,Amina Diallo,2024-06-27,M,+233229689483,H-0338,C-09,F-04,2024-07-07
C-ID-1182,Joy,Diallo,Amina Diallo,2024-06-27,F,+233229689483,H-0338,C-09,F-04,2024-07-07
C-ID-1183,John,Smith,Esther Smith,2025-07-30,M,+233277377022,H-0058,C-01,F-01,2025-08-09
C-ID-1184,Grace,Smith,Esther Smith,2026-07-25,F,+233277377022,H-0058,C-01,F-01,2026-08-04
C-ID-1185,Ali,Kamara,Amina Kamara,2024-01-01,M,,H-AMB1,C-01,F-01,2024-01-10
C-ID-1186,Ali,Kamara,Amina Kamara,2024-01-01,M,,H-AMB2,C-01,F-01,2024-01-12
