household_id,cluster_id,mobility_pattern,last_known_location,household_size
H-0001,C-01,Settled,Loc_C-01_5,3
H-0002,C-01,Settled,Loc_C-01_3,4
H-0003,C-01,Settled,Loc_C-01_9,8
H-0004,C-01,Settled,Loc_C-01_7,7
H-0005,C-01,Settled,Loc_C-01_2,3
H-0006,C-01,Settled,Loc_C-01_9,4
H-0007,C-01,Settled,Loc_C-01_4,7
H-0008,C-01,Settled,Loc_C-01_8,4
H-0009,C-01,Settled,Loc_C-01_3,3
H-0010,C-01,Settled,Loc_C-01_5,5
H-0011,C-01,Settled,Loc_C-01_6,4
H-0012,C-01,Settled,Loc_C-01_7,3
H-0013,C-01,Settled,Loc_C-01_6,5
H-0014,C-01,Settled,Loc_C-01_8,3
H-0015,C-01,Settled,Loc_C-01_2,6
H-0016,C-01,Settled,Loc_C-01_10,8
H-0017,C-01,Settled,Loc_C-01_4,7
H-0018,C-01,Settled,Loc_C-01_4,3
H-0019,C-01,Settled,Loc_C-01_4,3
H-0020,C-01,Settled,Loc_C-01_5,6
H-0021,C-01,Settled,Loc_C-01_6,8
H-0022,C-01,Settled,Loc_C-01_6,5
H-0023,C-01,Settled,Loc_C-01_5,8
H-0024,C-01,Settled,Loc_C-01_3,7
H-0025,C-01,Settled,Loc_C-01_8,4
H-0026,C-01,Settled,Loc_C-01_9,5
H-0027,C-01,Settled,Loc_C-01_6,8
H-0028,C-01,Settled,Loc_C-01_1,4
H-0029,C-01,Settled,Loc_C-01_5,6
H-0030,C-01,Settled,Loc_C-01_10,4
H-0031,C-01,Settled,Loc_C-01_8,4
H-0032,C-01,Settled,Loc_C-01_8,8
H-0033,C-01,Settled,Loc_C-01_3,5
H-0034,C-01,Settled,Loc_C-01_9,8
H-0035,C-01,Settled,Loc_C-01_10,8
H-0036,C-01,Settled,Loc_C-01_7,7
H-0037,C-01,Settled,Loc_C-01_3,4
H-0038,C-01,Settled,Loc_C-01_1,3
H-0039,C-01,Settled,Loc_C-01_3,4
H-0040,C-01,Settled,Loc_C-01_2,7
H-0041,C-01,Settled,Loc_C-01_10,6
H-0042,C-01,Settled,Loc_C-01_5,7
H-0043,C-01,Settled,Loc_C-01_2,8
H-0044,C-01,Settled,Loc_C-01_6,8
H-0045,C-01,Settled,Loc_C-01_7,5
H-0046,C-01,Settled,Loc_C-01_1,6
H-0047,C-01,Settled,Loc_C-01_3,7
H-0048,C-01,Settled,Loc_C-01_5,8
H-0049,C-01,Settled,Loc_C-01_6,4
H-0050,C-01,Settled,Loc_C-01_9,7
H-0051,C-01,Settled,Loc_C-01_6,7
H-0052,C-01,Settled,Loc_C-01_2,3
H-0053,C-01,Settled,Loc_C-01_4,5
H-0054,C-01,Settled,Loc_C-01_10,4
H-0055,C-01,Settled,Loc_C-01_8,3
H-0056,C-01,Settled,Loc_C-01_3,7
H-0057,C-01,Settled,Loc_C-01_8,8
H-0058,C-01,Settled,Loc_C-01_9,5
H-0059,C-01,Settled,Loc_C-01_9,4
H-0060,C-01,Settled,Loc_C-01_5,8
H-0061,C-02,Displaced,Loc_C-02_6,8
H-0062,C-02,Displaced,Loc_C-02_8,7
H-0063,C-02,Seasonal-Worker,Loc_C-02_4,4
H-0064,C-02,Seasonal-Worker,Loc_C-02_1,5
H-0065,C-02,Seasonal-Worker,Loc_C-02_4,7
H-0066,C-02,Seasonal-Worker,Loc_C-02_1,3
H-0067,C-02,Seasonal-Worker,Loc_C-02_1,3
H-0068,C-02,Displaced,Loc_C-02_9,3
H-0069,C-02,Seasonal-Worker,Loc_C-02_8,5
H-0070,C-02,Seasonal-Worker,Loc_C-02_3,7
H-0071,C-02,Displaced,Loc_C-02_8,4
H-0072,C-02,Displaced,Loc_C-02_2,4
H-0073,C-02,Seasonal-Worker,Loc_C-02_7,8
H-0074,C-02,Displaced,Loc_C-02_7,6
H-0075,C-02,Displaced,Loc_C-02_1,8
H-0076,C-02,Seasonal-Worker,Loc_C-02_7,3
H-0077,C-02,Displaced,Loc_C-02_4,3
H-0078,C-02,Seasonal-Worker,Loc_C-02_9,4
H-0079,C-02,Displaced,Loc_C-02_7,4
H-0080,C-02,Seasonal-Worker,Loc_C-02_8,5
H-0081,C-02,Seasonal-Worker,Loc_C-02_8,3
H-0082,C-02,Seasonal-Worker,Loc_C-02_9,3
H-0083,C-02,Seasonal-Worker,Loc_C-02_4,3
H-0084,C-02,Seasonal-Worker,Loc_C-02_8,6
H-0085,C-02,Displaced,Loc_C-02_7,4
H-0086,C-02,Seasonal-Worker,Loc_C-02_7,4
H-0087,C-02,Seasonal-Worker,Loc_C-02_5,6
H-0088,C-02,Displaced,Loc_C-02_7,5
H-0089,C-02,Displaced,Loc_C-02_4,4
H-0090,C-02,Displaced,Loc_C-02_1,4
H-0091,C-02,Seasonal-Worker,Loc_C-02_6,8
H-0092,C-02,Seasonal-Worker,Loc_C-02_10,3
H-0093,C-02,Displaced,Loc_C-02_9,7
H-0094,C-02,Seasonal-Worker,Loc_C-02_9,3
H-0095,C-02,Seasonal-Worker,Loc_C-02_2,4
H-0096,C-02,Seasonal-Worker,Loc_C-02_4,8
H-0097,C-02,Displaced,Loc_C-02_10,3
H-0098,C-02,Seasonal-Worker,Loc_C-02_10,7
H-0099,C-02,Seasonal-Worker,Loc_C-02_2,7
H-0100,C-02,Displaced,Loc_C-02_10,8
H-0101,C-02,Displaced,Loc_C-02_4,5
H-0102,C-02,Displaced,Loc_C-02_5,4
H-0103,C-02,Displaced,Loc_C-02_5,4
H-0104,C-02,Displaced,Loc_C-02_2,5
H-0105,C-02,Seasonal-Worker,Loc_C-02_10,6
H-0106,C-03,Nomadic,Loc_C-03_9,3
H-0107,C-03,Nomadic,Loc_C-03_5,7
H-0108,C-03,Nomadic,Loc_C-03_2,5
H-0109,C-03,Nomadic,Loc_C-03_5,5
H-0110,C-03,Nomadic,Loc_C-03_9,6
H-0111,C-03,Cross-Border,Loc_C-03_9,7
H-0112,C-03,Nomadic,Loc_C-03_9,8
H-0113,C-03,Cross-Border,Loc_C-03_2,8
H-0114,C-03,Nomadic,Loc_C-03_2,5
H-0115,C-03,Nomadic,Loc_C-03_9,8
H-0116,C-03,Nomadic,Loc_C-03_5,5
H-0117,C-03,Nomadic,Loc_C-03_6,8
H-0118,C-03,Nomadic,Loc_C-03_5,8
H-0119,C-03,Cross-Border,Loc_C-03_1,5
H-0120,C-03,Nomadic,Loc_C-03_7,8
H-0121,C-03,Cross-Border,Loc_C-03_1,3
H-0122,C-03,Cross-Border,Loc_C-03_5,4
H-0123,C-03,Nomadic,Loc_C-03_8,8
H-0124,C-03,Cross-Border,Loc_C-03_1,7
H-0125,C-03,Nomadic,Loc_C-03_3,3
H-0126,C-03,Nomadic,Loc_C-03_10,5
H-0127,C-03,Nomadic,Loc_C-03_3,6
H-0128,C-03,Nomadic,Loc_C-03_6,5
H-0129,C-03,Nomadic,Loc_C-03_4,5
H-0130,C-03,Nomadic,Loc_C-03_2,8
H-0131,C-03,Cross-Border,Loc_C-03_7,7
H-0132,C-03,Nomadic,Loc_C-03_3,4
H-0133,C-03,Nomadic,Loc_C-03_1,6
H-0134,C-03,Nomadic,Loc_C-03_6,8
H-0135,C-03,Cross-Border,Loc_C-03_4,8
H-0136,C-03,Cross-Border,Loc_C-03_2,4
H-0137,C-03,Cross-Border,Loc_C-03_8,3
H-0138,C-03,Nomadic,Loc_C-03_8,4
H-0139,C-03,Cross-Border,Loc_C-03_4,5
H-0140,C-03,Nomadic,Loc_C-03_4,3
H-0141,C-04,Cross-Border,Loc_C-04_5,5
H-0142,C-04,Nomadic,Loc_C-04_6,5
H-0143,C-04,Cross-Border,Loc_C-04_9,8
H-0144,C-04,Cross-Border,Loc_C-04_2,3
H-0145,C-04,Cross-Border,Loc_C-04_10,4
H-0146,C-04,Cross-Border,Loc_C-04_2,3
H-0147,C-04,Cross-Border,Loc_C-04_6,5
H-0148,C-04,Cross-Border,Loc_C-04_9,7
H-0149,C-04,Nomadic,Loc_C-04_10,6
H-0150,C-04,Nomadic,Loc_C-04_1,5
H-0151,C-04,Cross-Border,Loc_C-04_9,3
H-0152,C-04,Nomadic,Loc_C-04_7,5
H-0153,C-04,Nomadic,Loc_C-04_6,8
H-0154,C-04,Cross-Border,Loc_C-04_2,8
H-0155,C-04,Cross-Border,Loc_C-04_5,7
H-0156,C-04,Cross-Border,Loc_C-04_7,5
H-0157,C-04,Cross-Border,Loc_C-04_3,7
H-0158,C-04,Nomadic,Loc_C-04_7,6
H-0159,C-04,Nomadic,Loc_C-04_10,7
H-0160,C-04,Cross-Border,Loc_C-04_9,6
H-0161,C-04,Nomadic,Loc_C-04_5,5
H-0162,C-04,Nomadic,Loc_C-04_10,6
H-0163,C-04,Cross-Border,Loc_C-04_8,6
H-0164,C-04,Cross-Border,Loc_C-04_4,8
H-0165,C-04,Cross-Border,Loc_C-04_3,8
H-0166,C-04,Nomadic,Loc_C-04_9,5
H-0167,C-04,Cross-Border,Loc_C-04_4,3
H-0168,C-04,Cross-Border,Loc_C-04_4,4
H-0169,C-04,Nomadic,Loc_C-04_1,3
H-0170,C-04,Nomadic,Loc_C-04_10,6
H-0171,C-04,Nomadic,Loc_C-04_7,6
H-0172,C-04,Nomadic,Loc_C-04_7,8
H-0173,C-04,Cross-Border,Loc_C-04_4,6
H-0174,C-04,Nomadic,Loc_C-04_1,8
H-0175,C-04,Nomadic,Loc_C-04_4,6
H-0176,C-05,Nomadic,Loc_C-05_9,8
H-0177,C-05,Nomadic,Loc_C-05_9,3
H-0178,C-05,Nomadic,Loc_C-05_8,3
H-0179,C-06,Settled,Loc_C-06_9,6
H-0180,C-06,Settled,Loc_C-06_10,6
H-0181,C-06,Settled,Loc_C-06_8,7
H-0182,C-06,Settled,Loc_C-06_8,8
H-0183,C-06,Settled,Loc_C-06_4,5
H-0184,C-06,Settled,Loc_C-06_8,7
H-0185,C-06,Settled,Loc_C-06_8,5
H-0186,C-06,Settled,Loc_C-06_5,8
H-0187,C-06,Settled,Loc_C-06_6,5
H-0188,C-06,Settled,Loc_C-06_2,7
H-0189,C-06,Settled,Loc_C-06_4,4
H-0190,C-06,Settled,Loc_C-06_3,8
H-0191,C-06,Settled,Loc_C-06_7,3
H-0192,C-06,Settled,Loc_C-06_9,5
H-0193,C-06,Settled,Loc_C-06_1,6
H-0194,C-06,Settled,Loc_C-06_7,6
H-0195,C-06,Settled,Loc_C-06_7,7
H-0196,C-06,Settled,Loc_C-06_6,3
H-0197,C-06,Settled,Loc_C-06_7,6
H-0198,C-06,Settled,Loc_C-06_4,6
H-0199,C-06,Settled,Loc_C-06_8,6
H-0200,C-06,Settled,Loc_C-06_6,6
H-0201,C-06,Settled,Loc_C-06_3,8
H-0202,C-06,Settled,Loc_C-06_10,4
H-0203,C-06,Settled,Loc_C-06_10,6
H-0204,C-06,Settled,Loc_C-06_7,3
H-0205,C-06,Settled,Loc_C-06_3,6
H-0206,C-06,Settled,Loc_C-06_7,5
H-0207,C-06,Settled,Loc_C-06_8,4
H-0208,C-06,Settled,Loc_C-06_7,5
H-0209,C-06,Settled,Loc_C-06_5,6
H-0210,C-06,Settled,Loc_C-06_1,6
H-0211,C-06,Settled,Loc_C-06_4,5
H-0212,C-06,Settled,Loc_C-06_1,8
H-0213,C-06,Settled,Loc_C-06_4,4
H-0214,C-06,Settled,Loc_C-06_3,7
H-0215,C-06,Settled,Loc_C-06_8,4
H-0216,C-06,Settled,Loc_C-06_4,7
H-0217,C-06,Settled,Loc_C-06_5,8
H-0218,C-06,Settled,Loc_C-06_10,4
H-0219,C-06,Settled,Loc_C-06_5,4
H-0220,C-06,Settled,Loc_C-06_1,7
H-0221,C-06,Settled,Loc_C-06_7,7
H-0222,C-06,Settled,Loc_C-06_4,8
H-0223,C-06,Settled,Loc_C-06_4,7
H-0224,C-06,Settled,Loc_C-06_5,8
H-0225,C-06,Settled,Loc_C-06_1,7
H-0226,C-06,Settled,Loc_C-06_7,7
H-0227,C-06,Settled,Loc_C-06_9,3
H-0228,C-06,Settled,Loc_C-06_7,3
H-0229,C-06,Settled,Loc_C-06_7,3
H-0230,C-06,Settled,Loc_C-06_8,8
H-0231,C-06,Settled,Loc_C-06_3,6
H-0232,C-06,Settled,Loc_C-06_9,7
H-0233,C-06,Settled,Loc_C-06_7,6
H-0234,C-06,Settled,Loc_C-06_4,5
H-0235,C-06,Settled,Loc_C-06_8,5
H-0236,C-06,Settled,Loc_C-06_10,6
H-0237,C-06,Settled,Loc_C-06_1,5
H-0238,C-06,Settled,Loc_C-06_3,5
H-0239,C-07,Displaced,Loc_C-07_6,4
H-0240,C-07,Displaced,Loc_C-07_5,5
H-0241,C-07,Displaced,Loc_C-07_1,7
H-0242,C-07,Seasonal-Worker,Loc_C-07_4,3
H-0243,C-07,Displaced,Loc_C-07_9,6
H-0244,C-07,Seasonal-Worker,Loc_C-07_8,8
H-0245,C-07,Displaced,Loc_C-07_1,6
H-0246,C-07,Seasonal-Worker,Loc_C-07_4,5
H-0247,C-07,Displaced,Loc_C-07_4,8
H-0248,C-07,Displaced,Loc_C-07_10,8
H-0249,C-07,Displaced,Loc_C-07_9,6
H-0250,C-07,Displaced,Loc_C-07_9,6
H-0251,C-07,Displaced,Loc_C-07_8,5
H-0252,C-07,Displaced,Loc_C-07_5,5
H-0253,C-07,Seasonal-Worker,Loc_C-07_4,3
H-0254,C-07,Displaced,Loc_C-07_9,3
H-0255,C-07,Seasonal-Worker,Loc_C-07_4,4
H-0256,C-07,Displaced,Loc_C-07_10,5
H-0257,C-07,Displaced,Loc_C-07_4,3
H-0258,C-07,Displaced,Loc_C-07_6,4
H-0259,C-07,Seasonal-Worker,Loc_C-07_1,5
H-0260,C-07,Seasonal-Worker,Loc_C-07_1,5
H-0261,C-07,Seasonal-Worker,Loc_C-07_5,7
H-0262,C-07,Seasonal-Worker,Loc_C-07_8,8
H-0263,C-07,Seasonal-Worker,Loc_C-07_10,3
H-0264,C-07,Displaced,Loc_C-07_8,6
H-0265,C-07,Displaced,Loc_C-07_3,5
H-0266,C-07,Seasonal-Worker,Loc_C-07_8,5
H-0267,C-07,Seasonal-Worker,Loc_C-07_7,3
H-0268,C-07,Displaced,Loc_C-07_10,3
H-0269,C-07,Seasonal-Worker,Loc_C-07_3,4
H-0270,C-07,Displaced,Loc_C-07_4,3
H-0271,C-07,Seasonal-Worker,Loc_C-07_7,7
H-0272,C-07,Seasonal-Worker,Loc_C-07_7,7
H-0273,C-07,Displaced,Loc_C-07_5,6
H-0274,C-07,Displaced,Loc_C-07_10,5
H-0275,C-07,Seasonal-Worker,Loc_C-07_2,7
H-0276,C-07,Seasonal-Worker,Loc_C-07_4,8
H-0277,C-07,Displaced,Loc_C-07_2,8
H-0278,C-07,Seasonal-Worker,Loc_C-07_3,4
H-0279,C-07,Seasonal-Worker,Loc_C-07_1,4
H-0280,C-07,Displaced,Loc_C-07_10,6
H-0281,C-07,Displaced,Loc_C-07_1,5
H-0282,C-07,Seasonal-Worker,Loc_C-07_5,5
H-0283,C-07,Displaced,Loc_C-07_4,3
H-0284,C-08,Cross-Border,Loc_C-08_10,8
H-0285,C-08,Nomadic,Loc_C-08_2,6
H-0286,C-08,Nomadic,Loc_C-08_3,8
H-0287,C-08,Cross-Border,Loc_C-08_2,4
H-0288,C-08,Nomadic,Loc_C-08_5,4
H-0289,C-08,Cross-Border,Loc_C-08_2,6
H-0290,C-08,Cross-Border,Loc_C-08_5,8
H-0291,C-08,Cross-Border,Loc_C-08_9,5
H-0292,C-08,Cross-Border,Loc_C-08_2,6
H-0293,C-08,Nomadic,Loc_C-08_6,6
H-0294,C-08,Cross-Border,Loc_C-08_2,3
H-0295,C-08,Nomadic,Loc_C-08_10,8
H-0296,C-08,Nomadic,Loc_C-08_5,8
H-0297,C-08,Nomadic,Loc_C-08_8,4
H-0298,C-08,Cross-Border,Loc_C-08_3,5
H-0299,C-08,Cross-Border,Loc_C-08_8,8
H-0300,C-08,Nomadic,Loc_C-08_6,6
H-0301,C-08,Cross-Border,Loc_C-08_6,5
H-0302,C-08,Nomadic,Loc_C-08_6,4
H-0303,C-08,Cross-Border,Loc_C-08_8,8
H-0304,C-08,Cross-Border,Loc_C-08_7,8
H-0305,C-08,Nomadic,Loc_C-08_2,6
H-0306,C-08,Cross-Border,Loc_C-08_6,5
H-0307,C-08,Nomadic,Loc_C-08_9,6
H-0308,C-08,Nomadic,Loc_C-08_9,8
H-0309,C-08,Cross-Border,Loc_C-08_1,6
H-0310,C-08,Nomadic,Loc_C-08_6,7
H-0311,C-08,Cross-Border,Loc_C-08_8,8
H-0312,C-08,Nomadic,Loc_C-08_5,4
H-0313,C-08,Nomadic,Loc_C-08_8,5
H-0314,C-08,Cross-Border,Loc_C-08_1,3
H-0315,C-08,Nomadic,Loc_C-08_3,8
H-0316,C-08,Cross-Border,Loc_C-08_1,7
H-0317,C-08,Cross-Border,Loc_C-08_4,3
H-0318,C-08,Nomadic,Loc_C-08_2,6
H-0319,C-09,Settled,Loc_C-09_5,6
H-0320,C-09,Seasonal-Worker,Loc_C-09_8,6
H-0321,C-09,Seasonal-Worker,Loc_C-09_8,4
H-0322,C-09,Settled,Loc_C-09_4,6
H-0323,C-09,Settled,Loc_C-09_5,3
H-0324,C-09,Seasonal-Worker,Loc_C-09_9,5
H-0325,C-09,Seasonal-Worker,Loc_C-09_5,3
H-0326,C-09,Seasonal-Worker,Loc_C-09_10,7
H-0327,C-09,Seasonal-Worker,Loc_C-09_8,4
H-0328,C-09,Seasonal-Worker,Loc_C-09_6,5
H-0329,C-09,Seasonal-Worker,Loc_C-09_6,6
H-0330,C-09,Settled,Loc_C-09_4,8
H-0331,C-09,Seasonal-Worker,Loc_C-09_7,4
H-0332,C-09,Settled,Loc_C-09_8,5
H-0333,C-09,Seasonal-Worker,Loc_C-09_3,6
H-0334,C-09,Seasonal-Worker,Loc_C-09_3,3
H-0335,C-09,Seasonal-Worker,Loc_C-09_8,3
H-0336,C-09,Settled,Loc_C-09_8,7
H-0337,C-09,Settled,Loc_C-09_3,8
H-0338,C-09,Seasonal-Worker,Loc_C-09_3,8
H-0339,C-09,Settled,Loc_C-09_5,6
H-0340,C-09,Seasonal-Worker,Loc_C-09_7,7
H-0341,C-09,Settled,Loc_C-09_9,5
H-0342,C-09,Seasonal-Worker,Loc_C-09_8,5
H-0343,C-09,Settled,Loc_C-09_2,7
H-0344,C-09,Settled,Loc_C-09_5,8
H-0345,C-09,Settled,Loc_C-09_2,8
H-0346,C-09,Seasonal-Worker,Loc_C-09_2,3
H-0347,C-09,Seasonal-Worker,Loc_C-09_5,4
H-0348,C-09,Settled,Loc_C-09_6,3
H-0349,C-09,Settled,Loc_C-09_6,5
H-0350,C-09,Seasonal-Worker,Loc_C-09_3,6
H-0351,C-09,Settled,Loc_C-09_7,7
H-0352,C-09,Settled,Loc_C-09_3,4
H-0353,C-09,Settled,Loc_C-09_7,7
H-0354,C-09,Settled,Loc_C-09_10,6
H-0355,C-09,Settled,Loc_C-09_8,4
H-0356,C-09,Seasonal-Worker,Loc_C-09_5,6
H-0357,C-09,Settled,Loc_C-09_5,6
H-0358,C-09,Settled,Loc_C-09_8,3
H-0359,C-10,Seasonal-Worker,Loc_C-10_5,7
H-0360,C-10,Seasonal-Worker,Loc_C-10_5,8
H-0361,C-10,Seasonal-Worker,Loc_C-10_4,5
H-0362,C-10,Seasonal-Worker,Loc_C-10_2,6
H-0363,C-10,Settled,Loc_C-10_10,6
H-0364,C-10,Seasonal-Worker,Loc_C-10_5,7
H-0365,C-10,Seasonal-Worker,Loc_C-10_7,3
H-0366,C-10,Seasonal-Worker,Loc_C-10_10,3
H-0367,C-10,Settled,Loc_C-10_8,7
H-0368,C-10,Seasonal-Worker,Loc_C-10_10,4
H-0369,C-10,Seasonal-Worker,Loc_C-10_4,4
H-0370,C-10,Seasonal-Worker,Loc_C-10_3,8
H-0371,C-10,Settled,Loc_C-10_1,8
H-0372,C-10,Seasonal-Worker,Loc_C-10_1,6
H-0373,C-10,Seasonal-Worker,Loc_C-10_3,8
H-0374,C-10,Settled,Loc_C-10_6,5
H-0375,C-10,Seasonal-Worker,Loc_C-10_4,4
H-0376,C-10,Settled,Loc_C-10_6,7
H-0377,C-10,Seasonal-Worker,Loc_C-10_5,4
H-0378,C-10,Seasonal-Worker,Loc_C-10_6,5
H-0379,C-10,Settled,Loc_C-10_2,6
H-0380,C-10,Settled,Loc_C-10_7,4
H-0381,C-10,Seasonal-Worker,Loc_C-10_7,3
H-0382,C-10,Settled,Loc_C-10_9,5
H-0383,C-10,Settled,Loc_C-10_6,6
H-0384,C-10,Seasonal-Worker,Loc_C-10_7,7
H-0385,C-10,Seasonal-Worker,Loc_C-10_4,3
H-0386,C-10,Seasonal-Worker,Loc_C-10_10,3
H-0387,C-10,Seasonal-Worker,Loc_C-10_4,7
H-0388,C-10,Settled,Loc_C-10_8,8
H-0389,C-10,Seasonal-Worker,Loc_C-10_7,8
H-0390,C-10,Settled,Loc_C-10_1,4
H-0391,C-10,Settled,Loc_C-10_8,5
H-0392,C-10,Settled,Loc_C-10_4,3
H-0393,C-10,Settled,Loc_C-10_8,6
H-0394,C-10,Seasonal-Worker,Loc_C-10_9,8
H-0395,C-10,Seasonal-Worker,Loc_C-10_3,7
H-0396,C-10,Seasonal-Worker,Loc_C-10_2,8
H-0397,C-10,Seasonal-Worker,Loc_C-10_7,7
H-0398,C-10,Seasonal-Worker,Loc_C-10_6,3
