child_id1,child_id2
C-ID-0001,C-ID-0002
C-ID-0003,C-ID-0004
C-ID-0019,C-ID-0020
C-ID-0022,C-ID-0023
C-ID-0026,C-ID-0027
C-ID-0029,C-ID-0030
C-ID-0038,C-ID-0039
C-ID-0053,C-ID-0054
C-ID-0088,C-ID-0089
C-ID-0106,C-ID-0107
C-ID-0112,C-ID-0113
C-ID-0115,C-ID-0116
C-ID-0117,C-ID-0118
C-ID-0121,C-ID-0122
C-ID-0127,C-ID-0128
C-ID-0148,C-ID-0149
C-ID-0152,C-ID-0153
C-ID-0154,C-ID-0155
C-ID-0157,C-ID-0158
C-ID-0168,C-ID-0169
C-ID-0181,C-ID-0182
C-ID-0188,C-ID-0189
C-ID-0198,C-ID-0199
C-ID-0215,C-ID-0216
C-ID-0219,C-ID-0220
C-ID-0225,C-ID-0226
C-ID-0231,C-ID-0232
C-ID-0242,C-ID-0243
C-ID-0245,C-ID-0246
C-ID-0247,C-ID-0248
C-ID-0250,C-ID-0251
C-ID-0252,C-ID-0253
C-ID-0256,C-ID-0257
C-ID-0264,C-ID-0265
C-ID-0271,C-ID-0272
C-ID-0276,C-ID-0277
C-ID-0287,C-ID-0288
C-ID-0300,C-ID-0301
C-ID-0306,C-ID-0307
C-ID-0311,C-ID-0312
C-ID-0319,C-ID-0320
C-ID-0361,C-ID-0362
C-ID-0378,C-ID-0379
C-ID-0392,C-ID-0393
C-ID-0395,C-ID-0396
C-ID-0406,C-ID-0407
C-ID-0412,C-ID-0413
C-ID-0417,C-ID-0418
C-ID-0419,C-ID-0420
C-ID-0421,C-ID-0422
C-ID-0430,C-ID-0431
C-ID-0440,C-ID-0441
C-ID-0445,C-ID-0446
C-ID-0460,C-ID-0461
C-ID-0467,C-ID-0468
C-ID-0472,C-ID-0473
C-ID-0486,C-ID-0487
C-ID-0491,C-ID-0492
C-ID-0501,C-ID-0502
C-ID-0504,C-ID-0505
C-ID-0506,C-ID-0507
C-ID-0509,C-ID-0510
C-ID-0511,C-ID-0512
C-ID-0516,C-ID-0517
C-ID-0521,C-ID-0522
C-ID-0526,C-ID-0527
C-ID-0529,C-ID-0530
C-ID-0550,C-ID-0551
C-ID-0553,C-ID-0554
C-ID-0556,C-ID-0557
C-ID-0561,C-ID-0562
C-ID-0567,C-ID-0568
C-ID-0574,C-ID-0575
C-ID-0598,C-ID-0599
C-ID-0616,C-ID-0617
C-ID-0631,C-ID-0632
C-ID-0635,C-ID-0636
C-ID-0637,C-ID-0638
C-ID-0657,C-ID-0658
C-ID-0676,C-ID-0677
C-ID-0682,C-ID-0683
C-ID-0695,C-ID-0696
C-ID-0697,C-ID-0698
C-ID-0702,C-ID-0703
C-ID-0708,C-ID-0709
C-ID-0712,C-ID-0713
C-ID-0714,C-ID-0715
C-ID-0724,C-ID-0725
C-ID-0734,C-ID-0735
C-ID-0755,C-ID-0756
C-ID-0769,C-ID-0770
C-ID-0788,C-ID-0789
C-ID-0790,C-ID-0791
C-ID-0794,C-ID-0795
C-ID-0796,C-ID-0797
C-ID-0801,C-ID-0802
C-ID-0826,C-ID-0827
C-ID-0828,C-ID-0829
C-ID-0848,C-ID-0849
C-ID-0851,C-ID-0852
C-ID-0862,C-ID-0863
C-ID-0864,C-ID-0865
C-ID-0867,C-ID-0868
C-ID-0875,C-ID-0876
C-ID-0883,C-ID-0884
C-ID-0888,C-ID-0889
C-ID-0891,C-ID-0892
C-ID-0914,C-ID-0915
C-ID-0916,C-ID-0917
C-ID-0918,C-ID-0919
C-ID-0920,C-ID-0921
C-ID-0929,C-ID-0930
C-ID-0934,C-ID-0935
C-ID-0937,C-ID-0938
C-ID-0949,C-ID-0950
C-ID-0953,C-ID-0954
C-ID-0955,C-ID-0956
C-ID-0957,C-ID-0958
C-ID-0970,C-ID-0971
C-ID-0973,C-ID-0974
C-ID-0981,C-ID-0982
C-ID-0995,C-ID-0996
C-ID-0999,C-ID-1000
C-ID-1001,C-ID-1002
C-ID-1004,C-ID-1005
C-ID-1016,C-ID-1017
C-ID-1019,C-ID-1020
C-ID-1022,C-ID-1023
C-ID-1025,C-ID-1026
C-ID-1031,C-ID-1032
C-ID-1051,C-ID-1052
C-ID-1053,C-ID-1054
C-ID-1057,C-ID-1058
C-ID-1059,C-ID-1060
C-ID-1063,C-ID-1064
C-ID-1069,C-ID-1070
C-ID-1071,C-ID-1072
C-ID-1073,C-ID-1074
C-ID-1078,C-ID-1079
C-ID-1081,C-ID-1082
C-ID-1094,C-ID-1095
C-ID-1097,C-ID-1098
C-ID-1102,C-ID-1103
C-ID-1117,C-ID-1118
